,Date,Region,Thermal Generation Actual (in MU),Thermal Generation Estimated (in MU),Nuclear Generation Actual (in MU),Nuclear Generation Estimated (in MU),Hydro Generation Actual (in MU),Hydro Generation Estimated (in MU)
3,2017-09-01,Eastern,441.02,429.39,,,85.94,69.36
4,2017-09-01,NorthEastern,29.11,15.91,,,24.64,21.21
8,2017-09-02,Eastern,441.02,425.75,,,85.94,74.18
9,2017-09-02,NorthEastern,29.11,16.50,,,24.64,20.81
13,2017-09-03,Eastern,445.38,427.61,,,85.94,71.05
14,2017-09-03,NorthEastern,29.11,15.52,,,24.64,23.84
18,2017-09-04,Eastern,445.38,450.85,,,85.94,75.21
19,2017-09-04,NorthEastern,29.11,16.85,,,24.64,24.1
23,2017-09-05,Eastern,449.92,459.09,,,85.94,70.29
24,2017-09-05,NorthEastern,29.11,16.64,,,24.64,22.86
28,2017-09-06,Eastern,449.92,464.82,,,85.94,76.43
29,2017-09-06,NorthEastern,29.11,16.44,,,24.64,27.8
33,2017-09-07,Eastern,449.92,461.96,,,85.94,75.34
34,2017-09-07,NorthEastern,29.11,20.71,,,24.64,24.12
38,2017-09-08,Eastern,455.66,454.88,,,85.94,81.48
39,2017-09-08,NorthEastern,29.11,20.85,,,24.64,24.32
43,2017-09-09,Eastern,455.66,455.25,,,85.94,80.46
44,2017-09-09,NorthEastern,29.11,18.92,,,24.64,24.94
48,2017-09-10,Eastern,455.66,432.59,,,85.94,72.65
49,2017-09-10,NorthEastern,29.11,23.01,,,24.64,26.7
53,2017-09-11,Eastern,455.66,435.21,,,85.94,77.93
54,2017-09-11,NorthEastern,29.11,23.32,,,24.64,22.78
58,2017-09-12,Eastern,455.66,440.93,,,85.94,71.55
59,2017-09-12,NorthEastern,29.11,25.41,,,24.64,24.12
63,2017-09-13,Eastern,455.66,450.83,,,85.94,72.06
64,2017-09-13,NorthEastern,29.11,27.89,,,24.64,25.06
68,2017-09-14,Eastern,455.66,450.78,,,85.94,77.8
69,2017-09-14,NorthEastern,29.11,29.45,,,24.64,24.85
73,2017-09-15,Eastern,484.74,438.75,,,85.94,83.76
74,2017-09-15,NorthEastern,29.11,28.63,,,24.64,20.8
78,2017-09-16,Eastern,486.07,443.23,,,85.94,79.07
79,2017-09-16,NorthEastern,29.11,29.85,,,24.64,19.61
83,2017-09-17,Eastern,486.07,421.62,,,85.94,72.32
84,2017-09-17,NorthEastern,29.11,28.72,,,24.64,19.98
88,2017-09-18,Eastern,486.07,390.63,,,85.94,67.06
89,2017-09-18,NorthEastern,29.11,28.67,,,24.64,20.88
93,2017-09-19,Eastern,486.07,417.92,,,85.94,69.41
94,2017-09-19,NorthEastern,29.11,30.77,,,24.64,20.24
98,2017-09-20,Eastern,486.07,418.22,,,85.94,66.42
99,2017-09-20,NorthEastern,29.11,30.31,,,24.64,21.97
103,2017-09-21,Eastern,486.07,438.60,,,85.94,76.02
104,2017-09-21,NorthEastern,29.11,27.53,,,24.64,22.08
108,2017-09-22,Eastern,147.51,138.30,,,3.37,2.65
109,2017-09-22,NorthEastern,12.34,12.38,,,0.0,0.0
113,2017-09-23,Eastern,486.07,436.38,,,85.94,73.2
114,2017-09-23,NorthEastern,29.11,28.05,,,24.64,21.42
118,2017-09-24,Eastern,486.07,437.88,,,85.94,64.41
119,2017-09-24,NorthEastern,29.11,29.49,,,24.64,24.36
123,2017-09-25,Eastern,486.07,449.09,,,85.94,71.43
124,2017-09-25,NorthEastern,29.11,29.55,,,24.64,22.31
128,2017-09-26,Eastern,486.07,453.26,,,85.94,72.9
129,2017-09-26,NorthEastern,29.11,30.02,,,24.64,21.85
133,2017-09-27,Eastern,486.07,445.78,,,85.94,73.83
134,2017-09-27,NorthEastern,29.11,30.10,,,24.64,21.47
138,2017-09-28,Eastern,486.07,431.07,,,85.94,70.97
139,2017-09-28,NorthEastern,29.11,30.25,,,24.64,22.83
143,2017-09-29,Eastern,486.07,417.12,,,85.94,71.65
144,2017-09-29,NorthEastern,29.11,29.71,,,24.64,25.09
148,2017-09-30,Eastern,486.07,403.41,,,85.94,71.71
149,2017-09-30,NorthEastern,29.11,29.41,,,24.64,27.65
153,2017-10-01,Eastern,479.50,382.63,,,63.36,71.06
154,2017-10-01,NorthEastern,29.16,29.11,,,17.17,27.48
158,2017-10-03,Eastern,479.50,396.40,,,63.36,76.3
159,2017-10-03,NorthEastern,29.16,29.33,,,17.17,25.78
163,2017-10-04,Eastern,479.50,387.92,,,63.36,80.68
164,2017-10-04,NorthEastern,29.16,30.12,,,17.17,25.15
168,2017-10-05,Eastern,479.50,387.85,,,63.36,81.2
169,2017-10-05,NorthEastern,29.16,31.05,,,17.17,24.35
173,2017-10-06,Eastern,479.50,401.48,,,63.36,77.08
174,2017-10-06,NorthEastern,29.16,31.36,,,17.17,23.01
178,2017-10-07,Eastern,479.50,402.74,,,63.36,73.75
179,2017-10-07,NorthEastern,29.16,30.95,,,17.17,21.94
183,2017-10-08,Eastern,479.50,404.25,,,63.36,72.49
184,2017-10-08,NorthEastern,29.16,30.12,,,17.17,19.52
188,2017-10-09,Eastern,479.50,413.99,,,63.36,66.62
189,2017-10-09,NorthEastern,29.16,30.21,,,17.17,20.29
193,2017-10-10,Eastern,479.50,419.50,,,63.36,69.8
194,2017-10-10,NorthEastern,29.16,30.48,,,17.17,21.31
198,2017-10-11,Eastern,486.88,416.31,,,63.36,73.77
199,2017-10-11,NorthEastern,29.16,30.17,,,17.17,21.88
203,2017-10-12,Eastern,486.88,412.28,,,63.36,76.79
204,2017-10-12,NorthEastern,29.16,29.92,,,17.17,19.9
208,2017-10-13,Eastern,486.88,400.19,,,63.36,72.37
209,2017-10-13,NorthEastern,29.16,29.63,,,17.17,21.15
213,2017-10-14,Eastern,486.88,419.29,,,63.36,74.79
214,2017-10-14,NorthEastern,29.16,28.71,,,17.17,20.9
218,2017-10-15,Eastern,486.88,407.83,,,63.36,76.3
219,2017-10-15,NorthEastern,29.16,29.87,,,17.17,23.29
223,2017-10-16,Eastern,486.88,413.23,,,63.36,49.46
224,2017-10-16,NorthEastern,29.16,30.68,,,17.17,21.29
228,2017-10-17,Eastern,486.88,436.60,,,63.36,63.63
229,2017-10-17,NorthEastern,29.16,34.05,,,17.17,20.2
233,2017-10-18,Eastern,486.88,432.78,,,63.36,59.9
234,2017-10-18,NorthEastern,29.16,33.71,,,17.17,20.02
238,2017-10-19,Eastern,486.88,421.01,,,63.36,54.78
239,2017-10-19,NorthEastern,29.16,31.10,,,17.17,17.45
243,2017-10-20,Eastern,484.80,405.91,,,63.36,55.7
244,2017-10-20,NorthEastern,29.16,28.76,,,17.17,16.83
248,2017-10-21,Eastern,473.75,396.47,,,63.36,53.33
249,2017-10-21,NorthEastern,29.16,27.34,,,17.17,17.32
253,2017-10-22,Eastern,469.18,412.41,,,63.36,54.17
254,2017-10-22,NorthEastern,29.16,26.81,,,17.17,22.23
258,2017-10-23,Eastern,467.82,431.59,,,63.36,53.03
259,2017-10-23,NorthEastern,29.16,28.16,,,17.17,23.78
263,2017-10-24,Eastern,467.82,440.35,,,63.36,64.65
264,2017-10-24,NorthEastern,29.16,29.52,,,17.17,23.06
268,2017-10-25,Eastern,467.82,438.69,,,63.36,58.72
269,2017-10-25,NorthEastern,29.16,28.70,,,17.17,22.27
273,2017-10-26,Eastern,467.82,439.32,,,63.36,54.62
274,2017-10-26,NorthEastern,29.16,28.93,,,17.17,20.61
278,2017-10-27,Eastern,469.90,429.63,,,63.36,47.09
279,2017-10-27,NorthEastern,29.16,28.62,,,17.17,19.41
283,2017-10-28,Eastern,469.90,429.20,,,63.36,42.38
284,2017-10-28,NorthEastern,29.16,27.32,,,17.17,19.11
288,2017-10-29,Eastern,469.90,422.93,,,63.36,41.81
289,2017-10-29,NorthEastern,29.16,28.06,,,17.17,19.27
293,2017-10-30,Eastern,469.90,425.51,,,63.36,40.32
294,2017-10-30,NorthEastern,29.16,28.94,,,17.17,19.26
298,2017-10-31,Eastern,469.90,422.94,,,63.36,41.37
299,2017-10-31,NorthEastern,29.16,28.60,,,17.17,19.04
303,2017-11-01,Eastern,451.11,430.68,,,36.75,39.83
304,2017-11-01,NorthEastern,29.11,32.12,,,12.92,17.97
308,2017-11-02,Eastern,451.11,422.37,,,36.75,40.95
309,2017-11-02,NorthEastern,29.11,33.99,,,12.92,16.71
313,2017-11-03,Eastern,451.11,437.55,,,36.75,40.48
314,2017-11-03,NorthEastern,29.11,34.66,,,12.92,15.75
318,2017-11-04,Eastern,451.11,437.30,,,36.75,39.22
319,2017-11-04,NorthEastern,29.11,32.35,,,12.92,15.76
323,2017-11-05,Eastern,451.11,438.22,,,36.75,37.3
324,2017-11-05,NorthEastern,29.11,30.87,,,12.92,14.99
328,2017-11-06,Eastern,451.11,432.52,,,36.75,40.17
329,2017-11-06,NorthEastern,29.11,34.79,,,12.92,15.88
333,2017-11-07,Eastern,454.86,424.32,,,36.75,39.33
334,2017-11-07,NorthEastern,29.11,29.06,,,12.92,16.65
338,2017-11-08,Eastern,454.86,430.26,,,36.75,37.18
339,2017-11-08,NorthEastern,29.11,33.27,,,12.92,16.57
343,2017-11-09,Eastern,454.86,426.79,,,36.75,35.99
344,2017-11-09,NorthEastern,29.11,32.80,,,12.92,14.72
348,2017-11-10,Eastern,454.86,406.17,,,36.75,37.09
349,2017-11-10,NorthEastern,29.11,32.10,,,12.92,15.26
353,2017-11-11,Eastern,454.86,416.83,,,36.75,35.11
354,2017-11-11,NorthEastern,29.11,32.08,,,12.92,15.83
358,2017-11-12,Eastern,454.86,416.21,,,36.75,34.09
359,2017-11-12,NorthEastern,29.11,30.10,,,12.92,15.14
363,2017-11-13,Eastern,454.86,420.78,,,36.75,38.26
364,2017-11-13,NorthEastern,29.11,28.70,,,12.92,15.69
368,2017-11-14,Eastern,454.86,419.03,,,36.75,38.7
369,2017-11-14,NorthEastern,29.11,30.15,,,12.92,16.16
373,2017-11-15,Eastern,475.92,407.92,,,36.75,37.27
374,2017-11-15,NorthEastern,29.11,31.16,,,12.92,15.63
378,2017-11-16,Eastern,479.32,402.75,,,36.75,34.88
379,2017-11-16,NorthEastern,29.11,31.84,,,12.92,15.83
383,2017-11-17,Eastern,479.32,396.23,,,36.75,39.57
384,2017-11-17,NorthEastern,29.11,32.61,,,12.92,15.64
388,2017-11-18,Eastern,474.02,399.44,,,36.75,36.53
389,2017-11-18,NorthEastern,29.11,31.69,,,12.92,15.34
393,2017-11-19,Eastern,474.02,408.93,,,36.75,28.96
394,2017-11-19,NorthEastern,29.11,32.41,,,12.92,15.5
398,2017-11-20,Eastern,474.02,420.40,,,36.75,32.16
399,2017-11-20,NorthEastern,29.11,32.42,,,12.92,15.28
403,2017-11-21,Eastern,473.52,410.35,,,36.75,30.49
404,2017-11-21,NorthEastern,29.11,32.62,,,12.92,14.83
408,2017-11-22,Eastern,466.65,420.88,,,36.75,29.41
409,2017-11-22,NorthEastern,29.11,28.91,,,12.92,16.18
413,2017-11-23,Eastern,466.65,435.01,,,36.75,27.27
414,2017-11-23,NorthEastern,29.11,29.42,,,12.92,14.8
418,2017-11-24,Eastern,466.65,450.88,,,36.75,26.97
419,2017-11-24,NorthEastern,29.11,29.45,,,12.92,15.56
423,2017-11-25,Eastern,471.95,433.39,,,36.75,27.75
424,2017-11-25,NorthEastern,29.11,29.07,,,12.92,14.54
428,2017-11-26,Eastern,477.75,430.58,,,36.75,23.19
429,2017-11-26,NorthEastern,29.11,29.87,,,12.92,14.56
433,2017-11-27,Eastern,482.25,440.76,,,36.75,31.02
434,2017-11-27,NorthEastern,29.11,31.88,,,12.92,14.46
438,2017-11-28,Eastern,482.25,444.28,,,36.75,31.54
439,2017-11-28,NorthEastern,29.11,30.47,,,12.92,14.57
443,2017-11-29,Eastern,482.25,453.69,,,36.75,28.83
444,2017-11-29,NorthEastern,29.11,29.75,,,12.92,14.15
448,2017-11-30,Eastern,482.25,456.64,,,36.75,27.96
449,2017-11-30,NorthEastern,29.11,28.22,,,12.92,14.01
453,2017-12-01,Eastern,472.60,445.17,,,22.6,27.49
454,2017-12-01,NorthEastern,29.14,27.30,,,12.11,13.4
458,2017-12-02,Eastern,472.60,440.62,,,22.6,26.14
459,2017-12-02,NorthEastern,29.14,27.27,,,12.11,13.71
463,2017-12-03,Eastern,470.05,437.17,,,22.6,22.66
464,2017-12-03,NorthEastern,29.14,27.26,,,12.11,13.43
468,2017-12-04,Eastern,470.05,438.04,,,22.6,26.99
469,2017-12-04,NorthEastern,29.14,32.44,,,12.11,12.18
473,2017-12-05,Eastern,470.05,434.27,,,22.6,27.45
474,2017-12-05,NorthEastern,29.14,33.02,,,12.11,12.73
478,2017-12-06,Eastern,474.70,442.18,,,22.6,23.15
479,2017-12-06,NorthEastern,29.14,29.40,,,12.11,12.7
483,2017-12-07,Eastern,474.70,442.56,,,22.6,22.6
484,2017-12-07,NorthEastern,29.14,32.10,,,12.11,12.67
488,2017-12-08,Eastern,474.70,443.99,,,22.6,23.3
489,2017-12-08,NorthEastern,29.14,32.83,,,12.11,12.76
493,2017-12-09,Eastern,474.70,447.16,,,22.6,23.99
494,2017-12-09,NorthEastern,29.14,32.78,,,12.11,13.26
498,2017-12-10,Eastern,474.70,443.27,,,22.6,22.83
499,2017-12-10,NorthEastern,29.14,32.96,,,12.11,13.35
503,2017-12-11,Eastern,474.70,441.27,,,22.6,26.95
504,2017-12-11,NorthEastern,29.14,32.31,,,12.11,13.03
508,2017-12-12,Eastern,469.41,442.41,,,22.6,26.29
509,2017-12-12,NorthEastern,29.14,33.80,,,12.11,12.68
513,2017-12-13,Eastern,469.41,442.93,,,22.6,27.01
514,2017-12-13,NorthEastern,29.14,35.15,,,12.11,12.99
518,2017-12-14,Eastern,469.41,437.12,,,22.6,24.16
519,2017-12-14,NorthEastern,29.14,33.88,,,12.11,13.06
523,2017-12-15,Eastern,465.98,439.79,,,22.6,25.25
524,2017-12-15,NorthEastern,29.14,33.50,,,12.11,13.44
528,2017-12-16,Eastern,465.98,437.33,,,22.6,21.17
529,2017-12-16,NorthEastern,29.14,32.58,,,12.11,12.78
533,2017-12-17,Eastern,461.90,438.66,,,22.6,19.21
534,2017-12-17,NorthEastern,29.14,27.01,,,12.11,13.02
538,2017-12-18,Eastern,464.40,447.33,,,22.6,22.61
539,2017-12-18,NorthEastern,29.14,30.84,,,12.11,12.23
543,2017-12-19,Eastern,464.19,454.50,,,22.6,22.73
544,2017-12-19,NorthEastern,29.14,32.01,,,12.11,12.31
548,2017-12-20,Eastern,464.19,454.44,,,22.6,23.61
549,2017-12-20,NorthEastern,29.14,30.19,,,12.11,12.34
553,2017-12-21,Eastern,464.19,451.96,,,22.6,23.94
554,2017-12-21,NorthEastern,29.14,30.24,,,12.11,11.49
558,2017-12-22,Eastern,464.19,453.63,,,22.6,24.72
559,2017-12-22,NorthEastern,29.14,29.98,,,12.11,11.51
563,2017-12-23,Eastern,466.74,454.66,,,22.6,26.85
564,2017-12-23,NorthEastern,29.14,30.12,,,12.11,11.57
568,2017-12-24,Eastern,462.04,450.14,,,22.6,25.19
569,2017-12-24,NorthEastern,29.14,29.35,,,12.11,11.57
573,2017-12-25,Eastern,462.04,449.95,,,22.6,25.15
574,2017-12-25,NorthEastern,29.14,34.54,,,12.11,10.69
578,2017-12-26,Eastern,471.71,456.19,,,22.6,22.99
579,2017-12-26,NorthEastern,29.14,33.00,,,12.11,10.97
583,2017-12-27,Eastern,471.71,465.62,,,22.6,23.07
584,2017-12-27,NorthEastern,29.14,28.46,,,12.11,10.57
588,2017-12-28,Eastern,471.71,459.73,,,22.6,22.53
589,2017-12-28,NorthEastern,29.14,30.83,,,12.11,9.83
593,2017-12-29,Eastern,471.71,460.81,,,22.6,23.64
594,2017-12-29,NorthEastern,29.14,31.17,,,12.11,9.62
598,2017-12-30,Eastern,471.71,450.00,,,22.6,25.34
599,2017-12-30,NorthEastern,29.14,35.21,,,12.11,8.76
603,2017-12-31,Eastern,474.71,446.42,,,22.6,22.85
604,2017-12-31,NorthEastern,29.14,35.71,,,12.11,9.17
608,2018-01-01,Eastern,478.58,435.94,,,21.76,21.87
609,2018-01-01,NorthEastern,31.88,35.76,,,11.28,8.56
613,2018-01-02,Eastern,476.31,454.95,,,21.76,19.36
614,2018-01-02,NorthEastern,31.88,36.26,,,11.28,8.66
618,2018-01-03,Eastern,476.31,465.11,,,21.76,18.29
619,2018-01-03,NorthEastern,31.88,36.06,,,11.28,8.17
623,2018-01-04,Eastern,476.31,470.32,,,21.76,21.19
624,2018-01-04,NorthEastern,31.88,35.25,,,11.28,8.34
628,2018-01-05,Eastern,476.31,469.49,,,21.76,24.36
629,2018-01-05,NorthEastern,31.88,30.75,,,11.28,8.43
633,2018-01-06,Eastern,480.54,448.04,,,21.76,23.1
634,2018-01-06,NorthEastern,31.88,30.47,,,11.28,8.33
638,2018-01-07,Eastern,480.54,438.99,,,21.76,21.02
639,2018-01-07,NorthEastern,31.88,33.04,,,11.28,8.03
643,2018-01-08,Eastern,480.54,451.27,,,21.76,21.11
644,2018-01-08,NorthEastern,31.88,33.83,,,11.28,8.84
648,2018-01-09,Eastern,494.84,460.03,,,21.76,23.0
649,2018-01-09,NorthEastern,31.88,34.13,,,11.28,8.61
653,2018-01-10,Eastern,494.84,463.60,,,21.76,19.18
654,2018-01-10,NorthEastern,31.88,34.24,,,11.28,8.28
658,2018-01-11,Eastern,494.40,453.23,,,21.76,25.26
659,2018-01-11,NorthEastern,31.88,32.43,,,11.28,8.37
663,2018-01-12,Eastern,494.40,456.59,,,21.76,25.64
664,2018-01-12,NorthEastern,31.88,32.81,,,11.28,8.15
668,2018-01-13,Eastern,494.40,475.49,,,21.76,27.84
669,2018-01-13,NorthEastern,31.88,32.63,,,11.28,8.22
673,2018-01-14,Eastern,494.40,460.84,,,21.76,24.24
674,2018-01-14,NorthEastern,31.88,32.51,,,11.28,8.04
678,2018-01-15,Eastern,494.84,460.45,,,21.76,19.32
679,2018-01-15,NorthEastern,31.88,33.18,,,11.28,8.4
683,2018-01-16,Eastern,494.84,475.27,,,21.76,22.7
684,2018-01-16,NorthEastern,31.88,33.47,,,11.28,6.96
688,2018-01-17,Eastern,484.15,490.72,,,21.76,20.24
689,2018-01-17,NorthEastern,31.88,33.53,,,11.28,7.18
693,2018-01-18,Eastern,484.15,492.04,,,21.76,24.34
694,2018-01-18,NorthEastern,31.88,31.99,,,11.28,7.45
698,2018-01-19,Eastern,484.15,486.65,,,21.76,23.98
699,2018-01-19,NorthEastern,31.88,31.43,,,11.28,7.58
703,2018-01-20,Eastern,484.15,487.57,,,21.76,23.02
704,2018-01-20,NorthEastern,31.88,32.79,,,11.28,7.48
708,2018-01-21,Eastern,484.15,483.46,,,21.76,20.39
709,2018-01-21,NorthEastern,31.88,32.93,,,11.28,7.14
713,2018-01-22,Eastern,486.42,490.75,,,21.76,21.86
714,2018-01-22,NorthEastern,31.88,31.81,,,11.28,7.58
718,2018-01-23,Eastern,486.42,493.79,,,21.76,22.28
719,2018-01-23,NorthEastern,31.88,32.09,,,11.28,7.32
723,2018-01-24,Eastern,486.42,497.51,,,21.76,22.35
724,2018-01-24,NorthEastern,31.88,31.83,,,11.28,7.58
728,2018-01-25,Eastern,486.42,491.14,,,21.76,24.93
729,2018-01-25,NorthEastern,31.88,31.95,,,11.28,7.57
733,2018-01-26,Eastern,486.42,471.99,,,21.76,21.15
734,2018-01-26,NorthEastern,31.88,30.49,,,11.28,8.22
738,2018-01-27,Eastern,483.54,481.14,,,21.76,22.94
739,2018-01-27,NorthEastern,31.88,32.40,,,11.28,8.21
743,2018-01-28,Eastern,483.54,484.25,,,21.76,22.39
744,2018-01-28,NorthEastern,31.88,32.71,,,11.28,8.28
748,2018-01-29,Eastern,483.54,483.73,,,21.76,23.58
749,2018-01-29,NorthEastern,31.88,28.29,,,11.28,8.01
753,2018-01-30,Eastern,483.54,476.47,,,21.76,22.26
754,2018-01-30,NorthEastern,31.88,33.29,,,11.28,7.38
758,2018-01-31,Eastern,483.54,497.16,,,21.76,20.99
759,2018-01-31,NorthEastern,31.88,34.13,,,11.28,7.57
763,2018-02-01,Eastern,489.39,507.35,,,25.1,19.21
764,2018-02-01,NorthEastern,31.93,33.47,,,10.24,6.97
768,2018-02-02,Eastern,489.39,499.88,,,25.1,20.99
769,2018-02-02,NorthEastern,31.93,33.76,,,10.24,6.78
773,2018-02-03,Eastern,485.39,492.35,,,25.1,25.11
774,2018-02-03,NorthEastern,31.93,34.41,,,10.24,6.28
778,2018-02-04,Eastern,485.39,474.38,,,25.1,21.0
779,2018-02-04,NorthEastern,31.93,32.97,,,10.24,7.39
783,2018-02-05,Eastern,485.39,482.33,,,25.1,25.09
784,2018-02-05,NorthEastern,31.93,34.31,,,10.24,7.66
788,2018-02-06,Eastern,488.00,489.71,,,25.1,19.32
789,2018-02-06,NorthEastern,31.93,34.55,,,10.24,7.25
793,2018-02-07,Eastern,488.00,504.10,,,25.1,23.18
794,2018-02-07,NorthEastern,31.93,34.50,,,10.24,7.87
798,2018-02-08,Eastern,488.00,507.01,,,25.1,27.61
799,2018-02-08,NorthEastern,31.93,34.07,,,10.24,8.58
803,2018-02-09,Eastern,488.00,507.11,,,25.1,27.33
804,2018-02-09,NorthEastern,31.93,34.05,,,10.24,8.15
808,2018-02-10,Eastern,488.00,513.40,,,25.1,27.15
809,2018-02-10,NorthEastern,31.93,33.51,,,10.24,7.48
813,2018-02-11,Eastern,488.00,499.29,,,25.1,23.63
814,2018-02-11,NorthEastern,31.93,33.36,,,10.24,7.13
818,2018-02-12,Eastern,488.00,499.69,,,25.1,22.67
819,2018-02-12,NorthEastern,31.93,33.48,,,10.24,6.98
823,2018-02-13,Eastern,488.00,500.87,,,25.1,22.31
824,2018-02-13,NorthEastern,31.93,33.36,,,10.24,7.05
828,2018-02-14,Eastern,488.00,497.47,,,25.1,21.58
829,2018-02-14,NorthEastern,31.93,32.66,,,10.24,5.75
833,2018-02-15,Eastern,488.00,490.15,,,25.1,22.96
834,2018-02-15,NorthEastern,31.93,32.49,,,10.24,6.73
838,2018-02-16,Eastern,490.85,496.94,,,25.1,22.43
839,2018-02-16,NorthEastern,31.93,33.20,,,10.24,6.98
843,2018-02-17,Eastern,490.85,508.87,,,25.1,23.94
844,2018-02-17,NorthEastern,31.93,32.85,,,10.24,7.03
848,2018-02-18,Eastern,490.85,502.79,,,25.1,21.61
849,2018-02-18,NorthEastern,31.93,32.43,,,10.24,7.16
853,2018-02-19,Eastern,490.85,504.64,,,25.1,30.21
854,2018-02-19,NorthEastern,31.93,33.01,,,10.24,6.71
858,2018-02-20,Eastern,490.85,523.94,,,25.1,24.11
859,2018-02-20,NorthEastern,31.93,33.58,,,10.24,6.74
863,2018-02-21,Eastern,490.85,537.61,,,25.1,23.23
864,2018-02-21,NorthEastern,31.93,33.80,,,10.24,5.75
868,2018-02-22,Eastern,490.85,545.31,,,25.1,25.22
869,2018-02-22,NorthEastern,31.93,33.77,,,10.24,5.26
873,2018-02-23,Eastern,490.85,523.90,,,25.1,27.0
874,2018-02-23,NorthEastern,31.93,33.92,,,10.24,5.34
878,2018-02-24,Eastern,490.85,523.00,,,25.1,28.12
879,2018-02-24,NorthEastern,31.93,33.13,,,10.24,5.28
883,2018-02-25,Eastern,490.85,532.18,,,25.1,19.05
884,2018-02-25,NorthEastern,31.93,32.55,,,10.24,5.62
888,2018-02-26,Eastern,490.85,533.87,,,25.1,22.55
889,2018-02-26,NorthEastern,31.93,31.10,,,10.24,5.57
893,2018-02-27,Eastern,495.35,543.05,,,25.1,28.03
894,2018-02-27,NorthEastern,31.93,30.67,,,10.24,5.81
898,2018-02-28,Eastern,499.35,543.69,,,25.1,27.92
899,2018-02-28,NorthEastern,31.93,34.11,,,10.24,5.47
903,2018-03-01,Eastern,505.24,536.02,,,30.16,21.73
904,2018-03-01,NorthEastern,31.96,33.97,,,12.16,5.6
908,2018-03-02,Eastern,505.24,490.72,,,30.16,19.54
909,2018-03-02,NorthEastern,31.96,31.28,,,12.16,5.56
913,2018-03-03,Eastern,505.24,492.22,,,30.16,24.95
914,2018-03-03,NorthEastern,31.96,30.87,,,12.16,6.33
918,2018-03-04,Eastern,505.24,523.06,,,30.16,25.56
919,2018-03-04,NorthEastern,31.96,31.91,,,12.16,6.48
923,2018-03-05,Eastern,501.14,526.63,,,30.16,24.07
924,2018-03-05,NorthEastern,31.96,33.13,,,12.16,9.06
928,2018-03-06,Eastern,501.14,520.24,,,30.16,28.06
929,2018-03-06,NorthEastern,31.96,33.34,,,12.16,5.9
933,2018-03-07,Eastern,501.14,545.88,,,30.16,25.2
934,2018-03-07,NorthEastern,31.96,33.68,,,12.16,5.43
938,2018-03-08,Eastern,501.14,544.58,,,30.16,23.6
939,2018-03-08,NorthEastern,31.96,33.78,,,12.16,5.41
943,2018-03-09,Eastern,501.14,541.05,,,30.16,25.77
944,2018-03-09,NorthEastern,31.96,34.02,,,12.16,4.99
948,2018-03-10,Eastern,501.14,546.67,,,30.16,25.79
949,2018-03-10,NorthEastern,31.96,33.95,,,12.16,5.38
953,2018-03-11,Eastern,501.14,540.23,,,30.16,21.16
954,2018-03-11,NorthEastern,31.96,33.85,,,12.16,5.93
958,2018-03-12,Eastern,501.14,544.48,,,30.16,26.71
959,2018-03-12,NorthEastern,31.96,32.82,,,12.16,5.69
963,2018-03-13,Eastern,501.14,550.22,,,30.16,26.06
964,2018-03-13,NorthEastern,31.96,32.33,,,12.16,6.07
968,2018-03-14,Eastern,501.14,549.61,,,30.16,25.82
969,2018-03-14,NorthEastern,31.96,32.86,,,12.16,5.99
973,2018-03-15,Eastern,501.14,545.39,,,30.16,25.58
974,2018-03-15,NorthEastern,31.96,34.58,,,12.16,6.45
978,2018-03-16,Eastern,501.14,523.13,,,30.16,25.21
979,2018-03-16,NorthEastern,31.96,32.97,,,12.16,6.78
983,2018-03-17,Eastern,501.14,505.90,,,30.16,30.81
984,2018-03-17,NorthEastern,31.96,32.72,,,12.16,8.1
988,2018-03-18,Eastern,501.14,497.02,,,30.16,28.07
989,2018-03-18,NorthEastern,31.96,31.58,,,12.16,7.83
993,2018-03-19,Eastern,501.14,515.32,,,30.16,27.89
994,2018-03-19,NorthEastern,31.96,33.04,,,12.16,7.2
998,2018-03-20,Eastern,501.14,507.57,,,30.16,30.2
999,2018-03-20,NorthEastern,31.96,33.37,,,12.16,6.69
1003,2018-03-21,Eastern,501.14,502.22,,,30.16,33.12
1004,2018-03-21,NorthEastern,31.96,34.43,,,12.16,7.38
1008,2018-03-22,Eastern,501.14,518.01,,,30.16,31.93
1009,2018-03-22,NorthEastern,31.96,35.09,,,12.16,5.46
1013,2018-03-23,Eastern,501.14,527.94,,,30.16,33.17
1014,2018-03-23,NorthEastern,31.96,35.20,,,12.16,5.57
1018,2018-03-24,Eastern,501.14,529.56,,,30.16,34.98
1019,2018-03-24,NorthEastern,31.96,33.95,,,12.16,5.46
1023,2018-03-25,Eastern,501.14,531.14,,,30.16,28.23
1024,2018-03-25,NorthEastern,31.96,33.76,,,12.16,5.68
1028,2018-03-26,Eastern,505.24,544.38,,,30.16,30.59
1029,2018-03-26,NorthEastern,31.96,33.05,,,12.16,6.77
1033,2018-03-27,Eastern,505.24,546.76,,,30.16,31.34
1034,2018-03-27,NorthEastern,31.96,32.89,,,12.16,6.51
1038,2018-03-28,Eastern,505.24,559.96,,,30.16,33.73
1039,2018-03-28,NorthEastern,31.96,32.40,,,12.16,6.44
1043,2018-03-29,Eastern,505.24,553.61,,,30.16,37.88
1044,2018-03-29,NorthEastern,31.96,28.25,,,12.16,6.64
1048,2018-03-30,Eastern,505.24,530.74,,,30.16,29.81
1049,2018-03-30,NorthEastern,31.96,26.59,,,12.16,7.89
1053,2018-03-31,Eastern,505.24,509.54,,,30.16,20.87
1054,2018-03-31,NorthEastern,31.96,28.32,,,12.16,7.0
1058,2018-04-01,Eastern,471.76,487.76,,,39.12,14.38
1059,2018-04-01,NorthEastern,30.25,30.37,,,7.43,7.49
1063,2018-04-02,Eastern,471.76,491.98,,,39.12,23.62
1064,2018-04-02,NorthEastern,30.25,29.72,,,7.43,7.22
1068,2018-04-03,Eastern,471.76,532.32,,,39.12,29.03
1069,2018-04-03,NorthEastern,30.25,29.90,,,7.43,6.56
1073,2018-04-04,Eastern,471.76,539.86,,,39.12,27.63
1074,2018-04-04,NorthEastern,30.25,30.44,,,7.43,6.47
1078,2018-04-05,Eastern,464.13,539.21,,,39.12,27.42
1079,2018-04-05,NorthEastern,30.25,30.31,,,7.43,5.62
1083,2018-04-06,Eastern,457.96,536.52,,,39.12,28.04
1084,2018-04-06,NorthEastern,30.25,30.51,,,7.43,5.77
1088,2018-04-07,Eastern,457.96,528.48,,,39.12,25.48
1089,2018-04-07,NorthEastern,30.25,25.17,,,7.43,5.51
1093,2018-04-08,Eastern,457.96,484.06,,,39.12,27.84
1094,2018-04-08,NorthEastern,30.25,24.23,,,7.43,6.14
1098,2018-04-09,Eastern,457.96,513.26,,,39.12,28.56
1099,2018-04-09,NorthEastern,30.25,23.07,,,7.43,5.68
1103,2018-04-10,Eastern,457.96,507.13,,,39.12,33.21
1104,2018-04-10,NorthEastern,30.25,25.18,,,7.43,6.86
1108,2018-04-11,Eastern,457.96,521.72,,,39.12,46.37
1109,2018-04-11,NorthEastern,30.25,29.17,,,7.43,5.94
1113,2018-04-12,Eastern,457.96,514.01,,,39.12,32.6
1114,2018-04-12,NorthEastern,30.25,30.66,,,7.43,6.15
1118,2018-04-13,Eastern,457.96,511.87,,,39.12,44.1
1119,2018-04-13,NorthEastern,30.25,30.20,,,7.43,7.13
1123,2018-04-14,Eastern,457.96,524.46,,,39.12,56.72
1124,2018-04-14,NorthEastern,30.25,30.70,,,7.43,7.31
1128,2018-04-15,Eastern,466.34,522.98,,,39.12,31.43
1129,2018-04-15,NorthEastern,30.25,32.35,,,7.43,6.66
1133,2018-04-16,Eastern,466.34,558.77,,,39.12,46.67
1134,2018-04-16,NorthEastern,30.25,35.25,,,7.43,6.53
1138,2018-04-17,Eastern,466.34,552.32,,,39.12,34.59
1139,2018-04-17,NorthEastern,30.25,32.16,,,7.43,6.8
1143,2018-04-18,Eastern,466.34,534.17,,,39.12,32.63
1144,2018-04-18,NorthEastern,30.25,29.13,,,7.43,6.53
1148,2018-04-19,Eastern,466.34,543.68,,,39.12,36.08
1149,2018-04-19,NorthEastern,30.25,27.83,,,7.43,6.34
1153,2018-04-20,Eastern,466.34,534.11,,,39.12,40.68
1154,2018-04-20,NorthEastern,30.25,28.20,,,7.43,6.65
1158,2018-04-21,Eastern,466.34,525.29,,,39.12,40.98
1159,2018-04-21,NorthEastern,30.25,30.65,,,7.43,7.77
1163,2018-04-22,Eastern,466.34,517.23,,,39.12,41.91
1164,2018-04-22,NorthEastern,30.25,32.61,,,7.43,7.62
1168,2018-04-23,Eastern,466.34,546.55,,,39.12,44.27
1169,2018-04-23,NorthEastern,30.25,35.06,,,7.43,7.78
1173,2018-04-24,Eastern,465.25,524.50,,,39.12,48.82
1174,2018-04-24,NorthEastern,30.25,34.75,,,7.43,8.79
1178,2018-04-25,Eastern,465.25,522.58,,,39.12,46.04
1179,2018-04-25,NorthEastern,30.25,32.37,,,7.43,7.3
1183,2018-04-26,Eastern,465.25,516.98,,,39.12,41.33
1184,2018-04-26,NorthEastern,30.25,31.55,,,7.43,7.8
1188,2018-04-27,Eastern,465.25,515.18,,,39.12,41.09
1189,2018-04-27,NorthEastern,30.25,33.26,,,7.43,7.81
1193,2018-04-28,Eastern,465.25,519.88,,,39.12,44.33
1194,2018-04-28,NorthEastern,30.25,35.59,,,7.43,7.24
1198,2018-04-29,Eastern,465.25,505.86,,,39.12,24.52
1199,2018-04-29,NorthEastern,30.25,32.49,,,7.43,7.35
1203,2018-04-30,Eastern,469.05,466.64,,,39.12,42.25
1204,2018-04-30,NorthEastern,30.25,31.99,,,7.43,7.14
1208,2018-05-01,Eastern,469.21,460.44,,,46.26,38.86
1209,2018-05-01,NorthEastern,30.13,29.90,,,13.75,7.04
1213,2018-05-02,Eastern,469.21,499.39,,,46.26,41.93
1214,2018-05-02,NorthEastern,30.13,30.23,,,13.75,9.63
1218,2018-05-03,Eastern,469.21,488.75,,,46.26,43.22
1219,2018-05-03,NorthEastern,30.13,31.77,,,13.75,10.81
1223,2018-05-04,Eastern,469.21,529.05,,,46.26,57.3
1224,2018-05-04,NorthEastern,30.13,33.57,,,13.75,10.07
1228,2018-05-05,Eastern,469.21,542.87,,,46.26,59.1
1229,2018-05-05,NorthEastern,30.13,34.38,,,13.75,12.04
1233,2018-05-06,Eastern,469.21,533.29,,,46.26,42.2
1234,2018-05-06,NorthEastern,30.13,33.58,,,13.75,10.84
1238,2018-05-07,Eastern,469.21,528.50,,,46.26,56.69
1239,2018-05-07,NorthEastern,30.13,34.05,,,13.75,12.23
1243,2018-05-08,Eastern,469.21,514.01,,,46.26,66.4
1244,2018-05-08,NorthEastern,30.13,32.72,,,13.75,12.76
1248,2018-05-09,Eastern,470.30,518.65,,,46.26,61.0
1249,2018-05-09,NorthEastern,30.13,31.38,,,13.75,13.81
1253,2018-05-10,Eastern,470.30,521.92,,,46.26,64.4
1254,2018-05-10,NorthEastern,30.13,33.69,,,13.75,13.14
1258,2018-05-11,Eastern,470.30,514.63,,,46.26,57.87
1259,2018-05-11,NorthEastern,30.13,35.33,,,13.75,12.35
1263,2018-05-12,Eastern,470.30,497.06,,,46.26,44.54
1264,2018-05-12,NorthEastern,30.13,35.40,,,13.75,13.05
1268,2018-05-13,Eastern,470.30,476.61,,,46.26,40.7
1269,2018-05-13,NorthEastern,30.13,32.91,,,13.75,14.64
1273,2018-05-14,Eastern,470.30,432.32,,,46.26,39.58
1274,2018-05-14,NorthEastern,30.13,32.97,,,13.75,14.19
1278,2018-05-15,Eastern,466.59,489.72,,,46.26,44.36
1279,2018-05-15,NorthEastern,30.13,29.47,,,13.75,13.33
1283,2018-05-16,Eastern,466.59,488.95,,,46.26,51.4
1284,2018-05-16,NorthEastern,30.13,26.78,,,13.75,14.2
1288,2018-05-17,Eastern,466.59,483.58,,,46.26,48.78
1289,2018-05-17,NorthEastern,30.13,28.17,,,13.75,14.84
1293,2018-05-18,Eastern,466.59,492.28,,,46.26,52.24
1294,2018-05-18,NorthEastern,30.13,24.64,,,13.75,14.76
1298,2018-05-19,Eastern,466.59,480.38,,,46.26,55.29
1299,2018-05-19,NorthEastern,30.13,29.24,,,13.75,14.46
1303,2018-05-20,Eastern,476.59,484.70,,,46.26,45.96
1304,2018-05-20,NorthEastern,30.13,29.42,,,13.75,14.45
1308,2018-05-21,Eastern,476.59,509.25,,,46.26,53.83
1309,2018-05-21,NorthEastern,30.13,29.94,,,13.75,13.54
1313,2018-05-22,Eastern,476.59,518.57,,,46.26,50.2
1314,2018-05-22,NorthEastern,30.13,30.24,,,13.75,14.31
1318,2018-05-23,Eastern,476.59,513.14,,,46.26,55.56
1319,2018-05-23,NorthEastern,30.13,29.26,,,13.75,14.73
1323,2018-05-24,Eastern,476.59,514.61,,,46.26,66.9
1324,2018-05-24,NorthEastern,30.13,31.49,,,13.75,14.47
1328,2018-05-25,Eastern,476.59,520.60,,,46.26,74.99
1329,2018-05-25,NorthEastern,30.13,34.45,,,13.75,17.36
1333,2018-05-26,Eastern,476.59,506.77,,,46.26,74.76
1334,2018-05-26,NorthEastern,30.13,33.91,,,13.75,18.37
1338,2018-05-27,Eastern,476.59,510.32,,,46.26,78.56
1339,2018-05-27,NorthEastern,30.13,32.44,,,13.75,21.78
1343,2018-05-28,Eastern,476.59,520.07,,,46.26,73.34
1344,2018-05-28,NorthEastern,30.13,35.85,,,13.75,19.73
1348,2018-05-29,Eastern,476.59,493.20,,,46.26,65.54
1349,2018-05-29,NorthEastern,30.13,33.52,,,13.75,20.81
1353,2018-05-30,Eastern,476.59,524.74,,,46.26,69.76
1354,2018-05-30,NorthEastern,30.13,34.44,,,13.75,18.73
1358,2018-05-31,Eastern,476.59,527.71,,,46.26,58.87
1359,2018-05-31,NorthEastern,30.13,30.54,,,13.75,18.05
1363,2018-06-01,Eastern,469.15,483.39,,,53.41,58.0
1364,2018-06-01,NorthEastern,30.25,30.23,,,21.71,16.93
1368,2018-06-02,Eastern,469.15,507.59,,,53.41,63.95
1369,2018-06-02,NorthEastern,30.25,29.52,,,21.71,14.84
1373,2018-06-03,Eastern,469.15,487.41,,,53.41,68.46
1374,2018-06-03,NorthEastern,30.25,29.99,,,21.71,16.78
1378,2018-06-04,Eastern,469.15,525.96,,,53.41,64.55
1379,2018-06-04,NorthEastern,30.25,32.50,,,21.71,15.13
1383,2018-06-05,Eastern,469.15,524.25,,,53.41,69.79
1384,2018-06-05,NorthEastern,30.25,32.70,,,21.71,15.72
1388,2018-06-06,Eastern,469.15,511.67,,,53.41,71.48
1389,2018-06-06,NorthEastern,30.25,32.19,,,21.71,16.49
1393,2018-06-07,Eastern,469.15,501.19,,,53.41,76.04
1394,2018-06-07,NorthEastern,30.25,31.07,,,21.71,18.21
1398,2018-06-08,Eastern,469.15,477.02,,,53.41,67.67
1399,2018-06-08,NorthEastern,30.25,31.94,,,21.71,16.52
1403,2018-06-09,Eastern,472.92,446.31,,,53.41,65.61
1404,2018-06-09,NorthEastern,30.25,31.01,,,21.71,15.9
1408,2018-06-10,Eastern,472.92,420.78,,,53.41,64.56
1409,2018-06-10,NorthEastern,30.25,31.60,,,21.71,14.53
1413,2018-06-11,Eastern,472.92,451.72,,,53.41,65.75
1414,2018-06-11,NorthEastern,30.25,30.15,,,21.71,15.94
1418,2018-06-12,Eastern,469.74,461.16,,,53.41,60.64
1419,2018-06-12,NorthEastern,30.25,30.03,,,21.71,18.4
1423,2018-06-13,Eastern,469.74,467.83,,,53.41,66.02
1424,2018-06-13,NorthEastern,30.25,27.60,,,21.71,25.28
1428,2018-06-14,Eastern,469.74,467.11,,,53.41,72.36
1429,2018-06-14,NorthEastern,30.25,28.28,,,21.71,26.4
1433,2018-06-15,Eastern,469.74,480.35,,,53.41,72.96
1434,2018-06-15,NorthEastern,30.25,28.58,,,21.71,27.87
1438,2018-06-16,Eastern,469.74,479.14,,,53.41,77.03
1439,2018-06-16,NorthEastern,30.25,27.92,,,21.71,28.76
1443,2018-06-17,Eastern,469.74,445.32,,,53.41,67.91
1444,2018-06-17,NorthEastern,30.25,29.21,,,21.71,28.0
1448,2018-06-18,Eastern,469.74,469.73,,,53.41,73.35
1449,2018-06-18,NorthEastern,30.25,27.01,,,21.71,27.46
1453,2018-06-19,Eastern,469.74,483.10,,,53.41,78.1
1454,2018-06-19,NorthEastern,30.25,30.94,,,21.71,24.8
1458,2018-06-20,Eastern,469.74,490.76,,,53.41,72.12
1459,2018-06-20,NorthEastern,30.25,30.74,,,21.71,22.42
1463,2018-06-21,Eastern,476.94,498.97,,,53.41,71.52
1464,2018-06-21,NorthEastern,30.25,32.10,,,21.71,21.98
1468,2018-06-22,Eastern,476.94,510.59,,,53.41,68.62
1469,2018-06-22,NorthEastern,30.25,32.01,,,21.71,23.04
1473,2018-06-23,Eastern,476.94,512.14,,,53.41,70.7
1474,2018-06-23,NorthEastern,30.25,32.74,,,21.71,25.32
1478,2018-06-24,Eastern,473.11,480.27,,,53.41,68.84
1479,2018-06-24,NorthEastern,30.25,31.15,,,21.71,23.25
1483,2018-06-25,Eastern,464.19,486.52,,,53.41,66.77
1484,2018-06-25,NorthEastern,30.25,30.60,,,21.71,24.11
1488,2018-06-26,Eastern,463.11,474.31,,,53.41,65.96
1489,2018-06-26,NorthEastern,30.25,30.55,,,21.71,23.56
1493,2018-06-27,Eastern,463.11,470.65,,,53.41,63.13
1494,2018-06-27,NorthEastern,30.25,31.39,,,21.71,22.11
1498,2018-06-28,Eastern,463.11,453.89,,,53.41,61.54
1499,2018-06-28,NorthEastern,30.25,30.99,,,21.71,24.14
1503,2018-06-29,Eastern,463.11,477.29,,,53.41,63.37
1504,2018-06-29,NorthEastern,30.25,31.26,,,21.71,23.18
1508,2018-06-30,Eastern,463.11,499.53,,,53.41,58.76
1509,2018-06-30,NorthEastern,30.25,31.00,,,21.71,23.25
1513,2018-07-01,Eastern,454.23,477.82,,,69.16,57.44
1514,2018-07-01,NorthEastern,30.10,30.84,,,30.46,23.88
1518,2018-07-02,Eastern,454.23,471.39,,,69.16,64.17
1519,2018-07-02,NorthEastern,30.10,30.34,,,30.46,25.77
1523,2018-07-03,Eastern,449.73,449.38,,,69.16,64.57
1524,2018-07-03,NorthEastern,30.10,29.88,,,30.46,29.01
1528,2018-07-04,Eastern,449.73,447.65,,,69.16,65.65
1529,2018-07-04,NorthEastern,30.10,30.40,,,30.46,28.32
1533,2018-07-05,Eastern,446.73,471.36,,,69.16,67.16
1534,2018-07-05,NorthEastern,30.10,31.65,,,30.46,29.15
1538,2018-07-06,Eastern,446.73,473.75,,,69.16,68.98
1539,2018-07-06,NorthEastern,30.10,33.69,,,30.46,26.54
1543,2018-07-07,Eastern,446.73,490.98,,,69.16,67.53
1544,2018-07-07,NorthEastern,30.10,34.65,,,30.46,26.25
1548,2018-07-08,Eastern,446.73,610.79,,,69.16,65.88
1549,2018-07-08,NorthEastern,30.10,32.62,,,30.46,25.21
1553,2018-07-09,Eastern,446.73,466.35,,,69.16,68.07
1554,2018-07-09,NorthEastern,30.10,34.01,,,30.46,24.8
1558,2018-07-10,Eastern,443.40,468.27,,,69.16,58.29
1559,2018-07-10,NorthEastern,30.10,34.96,,,30.46,23.58
1563,2018-07-11,Eastern,443.40,467.14,,,69.16,67.67
1564,2018-07-11,NorthEastern,30.10,33.72,,,30.46,25.71
1568,2018-07-12,Eastern,443.40,472.70,,,69.16,68.18
1569,2018-07-12,NorthEastern,30.10,33.44,,,30.46,25.34
1573,2018-07-13,Eastern,446.35,459.06,,,69.16,65.23
1574,2018-07-13,NorthEastern,30.10,32.87,,,30.46,27.46
1578,2018-07-14,Eastern,446.35,462.54,,,69.16,63.32
1579,2018-07-14,NorthEastern,30.10,33.41,,,30.46,27.39
1583,2018-07-15,Eastern,445.06,453.67,,,69.16,64.51
1584,2018-07-15,NorthEastern,30.10,33.33,,,30.46,24.04
1588,2018-07-16,Eastern,445.06,443.14,,,69.16,65.5
1589,2018-07-16,NorthEastern,30.10,33.34,,,30.46,24.61
1593,2018-07-17,Eastern,445.06,437.41,,,69.16,71.55
1594,2018-07-17,NorthEastern,30.10,34.11,,,30.46,24.09
1598,2018-07-18,Eastern,445.06,443.31,,,69.16,76.8
1599,2018-07-18,NorthEastern,30.10,34.82,,,30.46,22.91
1603,2018-07-19,Eastern,445.06,450.44,,,69.16,77.68
1604,2018-07-19,NorthEastern,30.10,33.81,,,30.46,22.29
1608,2018-07-20,Eastern,445.06,457.58,,,69.16,63.61
1609,2018-07-20,NorthEastern,30.10,34.92,,,30.46,21.31
1613,2018-07-21,Eastern,445.06,428.00,,,69.16,56.83
1614,2018-07-21,NorthEastern,30.10,31.64,,,30.46,21.01
1618,2018-07-22,Eastern,445.06,401.62,,,69.16,58.34
1619,2018-07-22,NorthEastern,30.10,30.67,,,30.46,23.46
1623,2018-07-23,Eastern,445.06,435.66,,,69.16,69.04
1624,2018-07-23,NorthEastern,30.10,30.40,,,30.46,26.4
1628,2018-07-24,Eastern,445.06,450.98,,,69.16,75.42
1629,2018-07-24,NorthEastern,30.10,33.60,,,30.46,24.3
1633,2018-07-25,Eastern,450.92,431.95,,,69.16,73.84
1634,2018-07-25,NorthEastern,30.10,33.70,,,30.46,24.49
1638,2018-07-26,Eastern,452.09,412.88,,,69.16,74.91
1639,2018-07-26,NorthEastern,30.10,32.95,,,30.46,23.98
1643,2018-07-27,Eastern,452.09,424.56,,,69.16,79.08
1644,2018-07-27,NorthEastern,30.10,33.58,,,30.46,22.92
1648,2018-07-28,Eastern,452.09,444.38,,,69.16,78.22
1649,2018-07-28,NorthEastern,30.10,34.86,,,30.46,23.74
1653,2018-07-29,Eastern,452.09,431.32,,,69.16,74.56
1654,2018-07-29,NorthEastern,30.10,32.58,,,30.46,23.31
1658,2018-07-30,Eastern,452.09,474.02,,,69.16,70.28
1659,2018-07-30,NorthEastern,30.10,31.07,,,30.46,22.65
1663,2018-07-31,Eastern,464.09,474.24,,,69.16,52.0
1664,2018-07-31,NorthEastern,30.10,31.28,,,30.46,23.82
1668,2018-08-01,Eastern,443.45,451.18,,,77.99,50.44
1669,2018-08-01,NorthEastern,30.10,33.12,,,31.81,26.72
1673,2018-08-02,Eastern,444.77,444.80,,,77.99,57.08
1674,2018-08-02,NorthEastern,30.10,32.41,,,31.81,29.24
1678,2018-08-03,Eastern,444.77,455.76,,,77.99,63.57
1679,2018-08-03,NorthEastern,30.10,34.13,,,31.81,29.51
1683,2018-08-04,Eastern,448.09,464.57,,,77.99,80.25
1684,2018-08-04,NorthEastern,30.10,35.77,,,31.81,26.65
1688,2018-08-05,Eastern,444.09,451.04,,,77.99,79.19
1689,2018-08-05,NorthEastern,30.10,33.87,,,31.81,26.24
1693,2018-08-06,Eastern,445.40,444.86,,,77.99,79.49
1694,2018-08-06,NorthEastern,30.10,31.16,,,31.81,25.92
1698,2018-08-07,Eastern,445.40,453.80,,,77.99,76.17
1699,2018-08-07,NorthEastern,30.10,34.48,,,31.81,24.12
1703,2018-08-08,Eastern,445.40,453.10,,,77.99,75.83
1704,2018-08-08,NorthEastern,30.10,35.48,,,31.81,24.44
1708,2018-08-09,Eastern,445.40,466.52,,,77.99,79.67
1709,2018-08-09,NorthEastern,30.10,34.88,,,31.81,25.98
1713,2018-08-10,Eastern,430.87,465.25,,,77.99,83.06
1714,2018-08-10,NorthEastern,30.10,36.55,,,31.81,25.0
1718,2018-08-11,Eastern,430.87,449.78,,,77.99,81.85
1719,2018-08-11,NorthEastern,30.10,32.16,,,31.81,23.75
1723,2018-08-12,Eastern,430.87,427.46,,,77.99,63.78
1724,2018-08-12,NorthEastern,30.10,30.52,,,31.81,23.77
1728,2018-08-13,Eastern,430.87,432.54,,,77.99,65.0
1729,2018-08-13,NorthEastern,30.10,30.71,,,31.81,24.11
1733,2018-08-14,Eastern,430.87,441.61,,,77.99,78.76
1734,2018-08-14,NorthEastern,30.10,31.74,,,31.81,23.37
1738,2018-08-15,Eastern,423.84,412.94,,,77.99,69.09
1739,2018-08-15,NorthEastern,30.10,31.50,,,31.81,23.36
1743,2018-08-16,Eastern,423.84,431.46,,,77.99,69.5
1744,2018-08-16,NorthEastern,30.10,35.28,,,31.81,20.63
1748,2018-08-17,Eastern,423.84,457.02,,,77.99,75.28
1749,2018-08-17,NorthEastern,30.10,35.43,,,31.81,22.95
1753,2018-08-18,Eastern,423.84,463.70,,,77.99,77.4
1754,2018-08-18,NorthEastern,30.10,35.11,,,31.81,22.76
1758,2018-08-19,Eastern,423.84,432.60,,,77.99,79.54
1759,2018-08-19,NorthEastern,30.10,35.00,,,31.81,21.13
1763,2018-08-20,Eastern,413.73,418.84,,,77.99,75.56
1764,2018-08-20,NorthEastern,30.10,34.06,,,31.81,20.94
1768,2018-08-21,Eastern,415.73,442.74,,,77.99,82.45
1769,2018-08-21,NorthEastern,30.10,34.15,,,31.81,21.18
1773,2018-08-22,Eastern,415.73,453.10,,,77.99,81.95
1774,2018-08-22,NorthEastern,30.10,33.80,,,31.81,20.26
1778,2018-08-23,Eastern,419.40,444.75,,,77.99,85.95
1779,2018-08-23,NorthEastern,30.10,25.96,,,31.81,21.75
1783,2018-08-24,Eastern,419.40,440.34,,,77.99,86.12
1784,2018-08-24,NorthEastern,30.10,24.05,,,31.81,27.48
1788,2018-08-25,Eastern,419.40,400.78,,,77.99,79.81
1789,2018-08-25,NorthEastern,30.10,24.47,,,31.81,27.28
1793,2018-08-26,Eastern,424.90,389.36,,,77.99,79.74
1794,2018-08-26,NorthEastern,30.10,23.87,,,31.81,24.94
1798,2018-08-27,Eastern,424.90,411.18,,,77.99,79.67
1799,2018-08-27,NorthEastern,30.10,24.47,,,31.81,26.2
1803,2018-08-28,Eastern,423.42,419.95,,,77.99,88.95
1804,2018-08-28,NorthEastern,30.10,25.29,,,31.81,27.02
1808,2018-08-29,Eastern,423.42,421.45,,,77.99,88.7
1809,2018-08-29,NorthEastern,30.10,26.14,,,31.81,24.22
1813,2018-08-30,Eastern,423.42,415.05,,,77.99,86.99
1814,2018-08-30,NorthEastern,30.10,25.58,,,31.81,23.85
1818,2018-09-01,Eastern,418.45,412.97,,,79.0,85.57
1819,2018-09-01,NorthEastern,30.22,24.28,,,31.18,24.45
1823,2018-09-02,Eastern,418.45,384.66,,,79.0,84.35
1824,2018-09-02,NorthEastern,30.22,23.26,,,31.18,25.88
1828,2018-09-03,Eastern,418.45,405.33,,,79.0,83.05
1829,2018-09-03,NorthEastern,30.22,24.30,,,31.18,24.57
1833,2018-09-04,Eastern,418.45,422.21,,,79.0,90.11
1834,2018-09-04,NorthEastern,30.22,24.53,,,31.18,24.76
1838,2018-09-05,Eastern,433.26,425.18,,,79.0,93.14
1839,2018-09-05,NorthEastern,30.22,23.94,,,31.18,24.32
1843,2018-09-06,Eastern,433.26,413.39,,,79.0,91.5
1844,2018-09-06,NorthEastern,30.22,24.78,,,31.18,23.71
1848,2018-09-07,Eastern,433.26,414.15,,,79.0,94.13
1849,2018-09-07,NorthEastern,30.22,26.68,,,31.18,23.55
1853,2018-09-08,Eastern,433.26,431.96,,,79.0,91.2
1854,2018-09-08,NorthEastern,30.22,28.50,,,31.18,23.35
1858,2018-09-09,Eastern,433.26,446.75,,,79.0,94.09
1859,2018-09-09,NorthEastern,30.22,28.51,,,31.18,22.79
1863,2018-09-10,Eastern,428.15,436.22,,,79.0,93.37
1864,2018-09-10,NorthEastern,30.22,26.89,,,31.18,26.41
1868,2018-09-11,Eastern,431.25,429.86,,,79.0,95.96
1869,2018-09-11,NorthEastern,30.22,25.14,,,31.18,29.3
1873,2018-09-12,Eastern,431.25,431.75,,,79.0,94.98
1874,2018-09-12,NorthEastern,30.22,26.89,,,31.18,31.01
1878,2018-09-13,Eastern,431.25,440.92,,,79.0,90.88
1879,2018-09-13,NorthEastern,30.22,32.14,,,31.18,29.63
1883,2018-09-14,Eastern,449.66,439.14,,,79.0,91.68
1884,2018-09-14,NorthEastern,30.22,34.28,,,31.18,30.35
1888,2018-09-15,Eastern,449.66,439.53,,,79.0,93.84
1889,2018-09-15,NorthEastern,30.22,32.37,,,31.18,30.69
1893,2018-09-16,Eastern,456.40,433.39,,,79.0,89.94
1894,2018-09-16,NorthEastern,30.22,31.13,,,31.18,29.5
1898,2018-09-17,Eastern,456.40,429.61,,,79.0,90.95
1899,2018-09-17,NorthEastern,30.22,32.52,,,31.18,26.9
1903,2018-09-18,Eastern,456.40,440.48,,,79.0,93.44
1904,2018-09-18,NorthEastern,30.22,32.25,,,31.18,26.34
1908,2018-09-19,Eastern,456.40,443.39,,,79.0,93.54
1909,2018-09-19,NorthEastern,30.22,28.40,,,31.18,24.29
1913,2018-09-20,Eastern,456.40,430.71,,,79.0,87.46
1914,2018-09-20,NorthEastern,30.22,26.57,,,31.18,23.08
1918,2018-09-21,Eastern,456.40,386.48,,,79.0,87.19
1919,2018-09-21,NorthEastern,30.22,27.10,,,31.18,23.37
1923,2018-09-22,Eastern,456.40,402.19,,,79.0,90.41
1924,2018-09-22,NorthEastern,30.22,27.75,,,31.18,22.72
1928,2018-09-23,Eastern,456.40,412.32,,,79.0,97.01
1929,2018-09-23,NorthEastern,30.22,27.51,,,31.18,22.96
1933,2018-09-24,Eastern,456.40,409.62,,,79.0,92.63
1934,2018-09-24,NorthEastern,30.22,28.68,,,31.18,24.09
1938,2018-09-25,Eastern,462.23,411.31,,,79.0,91.72
1939,2018-09-25,NorthEastern,30.22,27.49,,,31.18,27.15
1943,2018-09-26,Eastern,462.23,423.29,,,79.0,86.24
1944,2018-09-26,NorthEastern,30.22,28.84,,,31.18,25.74
1948,2018-09-27,Eastern,466.73,422.83,,,79.0,84.01
1949,2018-09-27,NorthEastern,30.22,27.92,,,31.18,24.67
1953,2018-09-28,Eastern,466.73,423.77,,,79.0,90.62
1954,2018-09-28,NorthEastern,30.22,29.44,,,31.18,23.49
1958,2018-09-29,Eastern,466.73,418.95,,,79.0,89.88
1959,2018-09-29,NorthEastern,30.22,29.21,,,31.18,23.06
1963,2018-09-30,Eastern,467.79,397.99,,,79.0,87.53
1964,2018-09-30,NorthEastern,30.22,28.98,,,31.18,21.61
1968,2018-10-01,Eastern,485.84,409.69,,,55.26,81.87
1969,2018-10-01,NorthEastern,31.58,27.14,,,21.86,21.0
1973,2018-10-02,Eastern,485.84,414.87,,,55.26,83.32
1974,2018-10-02,NorthEastern,31.58,29.06,,,21.86,20.35
1978,2018-10-03,Eastern,485.84,428.21,,,55.26,89.56
1979,2018-10-03,NorthEastern,31.58,29.26,,,21.86,21.54
1983,2018-10-04,Eastern,485.84,420.27,,,55.26,90.78
1984,2018-10-04,NorthEastern,31.58,30.73,,,21.86,20.39
1988,2018-10-05,Eastern,485.84,418.07,,,55.26,94.16
1989,2018-10-05,NorthEastern,31.58,30.84,,,21.86,19.32
1993,2018-10-06,Eastern,485.84,427.52,,,55.26,93.8
1994,2018-10-06,NorthEastern,31.58,30.35,,,21.86,19.52
1998,2018-10-07,Eastern,485.84,440.85,,,55.26,89.65
1999,2018-10-07,NorthEastern,31.58,30.26,,,21.86,18.63
2003,2018-10-08,Eastern,485.84,467.98,,,55.26,85.83
2004,2018-10-08,NorthEastern,31.58,31.64,,,21.86,17.62
2008,2018-10-09,Eastern,485.84,467.88,,,55.26,82.3
2009,2018-10-09,NorthEastern,31.58,31.35,,,21.86,17.62
2013,2018-10-10,Eastern,485.84,485.95,,,55.26,75.28
2014,2018-10-10,NorthEastern,31.58,32.13,,,21.86,17.13
2018,2018-10-11,Eastern,485.84,451.91,,,55.26,67.25
2019,2018-10-11,NorthEastern,31.58,32.13,,,21.86,16.58
2023,2018-10-12,Eastern,485.84,447.86,,,55.26,64.59
2024,2018-10-12,NorthEastern,31.58,31.08,,,21.86,17.57
2028,2018-10-13,Eastern,481.42,470.32,,,55.26,60.76
2029,2018-10-13,NorthEastern,31.58,31.29,,,21.86,18.31
2033,2018-10-14,Eastern,481.42,479.66,,,55.26,66.54
2034,2018-10-14,NorthEastern,31.58,31.06,,,21.86,19.98
2038,2018-10-15,Eastern,481.42,477.19,,,55.26,69.69
2039,2018-10-15,NorthEastern,31.58,32.18,,,21.86,19.22
2043,2018-10-16,Eastern,481.42,477.09,,,55.26,62.58
2044,2018-10-16,NorthEastern,31.58,32.06,,,21.86,19.37
2048,2018-10-17,Eastern,484.42,478.79,,,55.26,64.36
2049,2018-10-17,NorthEastern,31.58,28.97,,,21.86,17.14
2053,2018-10-18,Eastern,484.42,483.23,,,55.26,66.41
2054,2018-10-18,NorthEastern,31.58,32.20,,,21.86,16.35
2058,2018-10-19,Eastern,484.42,469.26,,,55.26,65.08
2059,2018-10-19,NorthEastern,31.58,33.32,,,21.86,15.56
2063,2018-10-20,Eastern,484.42,463.89,,,55.26,70.54
2064,2018-10-20,NorthEastern,31.58,34.03,,,21.86,15.62
2068,2018-10-21,Eastern,484.42,453.43,,,55.26,66.66
2069,2018-10-21,NorthEastern,31.58,38.04,,,21.86,15.22
2073,2018-10-22,Eastern,484.42,452.26,,,55.26,70.38
2074,2018-10-22,NorthEastern,31.58,35.56,,,21.86,16.01
2078,2018-10-23,Eastern,484.42,455.06,,,55.26,67.69
2079,2018-10-23,NorthEastern,31.58,31.15,,,21.86,15.35
2083,2018-10-24,Eastern,484.42,449.08,,,55.26,68.62
2084,2018-10-24,NorthEastern,31.58,31.27,,,21.86,15.08
2088,2018-10-25,Eastern,484.42,446.89,,,55.26,60.66
2089,2018-10-25,NorthEastern,31.58,31.66,,,21.86,15.11
2093,2018-10-26,Eastern,484.42,449.66,,,55.26,60.67
2094,2018-10-26,NorthEastern,31.58,32.14,,,21.86,15.18
2098,2018-10-27,Eastern,484.42,454.06,,,55.26,57.68
2099,2018-10-27,NorthEastern,31.58,33.01,,,21.86,14.17
2103,2018-10-28,Eastern,484.42,451.77,,,55.26,49.28
2104,2018-10-28,NorthEastern,31.58,33.75,,,21.86,12.85
2108,2018-10-29,Eastern,482.31,453.45,,,55.26,53.02
2109,2018-10-29,NorthEastern,31.58,37.58,,,21.86,13.21
2113,2018-10-30,Eastern,482.31,454.38,,,55.26,58.07
2114,2018-10-30,NorthEastern,31.58,38.58,,,21.86,13.08
2118,2018-10-31,Eastern,482.31,471.80,,,55.26,58.0
2119,2018-10-31,NorthEastern,31.58,37.51,,,21.86,13.42
2123,2018-11-01,Eastern,482.39,485.87,,,31.2,46.03
2124,2018-11-01,NorthEastern,31.75,36.11,,,14.37,11.71
2128,2018-11-02,Eastern,482.39,488.04,,,31.2,48.42
2129,2018-11-02,NorthEastern,31.75,33.82,,,14.37,10.96
2133,2018-11-03,Eastern,482.39,485.63,,,31.2,51.03
2134,2018-11-03,NorthEastern,31.75,34.16,,,14.37,8.97
2138,2018-11-04,Eastern,482.39,479.00,,,31.2,50.7
2139,2018-11-04,NorthEastern,31.75,33.98,,,14.37,8.56
2143,2018-11-05,Eastern,484.51,478.04,,,31.2,48.55
2144,2018-11-05,NorthEastern,31.75,33.84,,,14.37,10.3
2148,2018-11-06,Eastern,484.51,477.69,,,31.2,40.83
2149,2018-11-06,NorthEastern,31.75,32.87,,,14.37,8.66
2153,2018-11-07,Eastern,488.93,451.88,,,31.2,36.97
2154,2018-11-07,NorthEastern,31.75,35.95,,,14.37,7.95
2158,2018-11-08,Eastern,488.93,458.67,,,31.2,36.89
2159,2018-11-08,NorthEastern,31.75,37.02,,,14.37,7.6
2163,2018-11-09,Eastern,488.93,463.75,,,31.2,32.92
2164,2018-11-09,NorthEastern,31.75,37.62,,,14.37,7.65
2168,2018-11-10,Eastern,478.82,455.26,,,31.2,35.24
2169,2018-11-10,NorthEastern,31.75,38.15,,,14.37,7.92
2173,2018-11-11,Eastern,481.92,446.18,,,31.2,33.71
2174,2018-11-11,NorthEastern,31.75,38.40,,,14.37,8.08
2178,2018-11-12,Eastern,471.04,472.94,,,31.2,32.97
2179,2018-11-12,NorthEastern,31.75,35.05,,,14.37,8.01
2183,2018-11-13,Eastern,471.04,463.25,,,31.2,36.72
2184,2018-11-13,NorthEastern,31.75,37.32,,,14.37,7.93
2188,2018-11-14,Eastern,471.04,455.28,,,31.2,38.92
2189,2018-11-14,NorthEastern,31.75,37.08,,,14.37,8.05
2193,2018-11-15,Eastern,468.47,461.50,,,31.2,38.61
2194,2018-11-15,NorthEastern,31.75,38.57,,,14.37,8.4
2198,2018-11-16,Eastern,459.14,479.94,,,31.2,36.89
2199,2018-11-16,NorthEastern,31.75,38.15,,,14.37,8.61
2203,2018-11-17,Eastern,459.14,476.59,,,31.2,36.96
2204,2018-11-17,NorthEastern,31.75,38.89,,,14.37,10.2
2208,2018-11-18,Eastern,459.14,468.30,,,31.2,34.04
2209,2018-11-18,NorthEastern,31.75,38.98,,,14.37,10.2
2213,2018-11-19,Eastern,459.14,484.01,,,31.2,33.68
2214,2018-11-19,NorthEastern,31.75,38.72,,,14.37,7.96
2218,2018-11-20,Eastern,459.14,488.21,,,31.2,34.48
2219,2018-11-20,NorthEastern,31.75,39.08,,,14.37,7.81
2223,2018-11-21,Eastern,459.14,493.74,,,31.2,34.3
2224,2018-11-21,NorthEastern,31.75,38.06,,,14.37,8.22
2228,2018-11-22,Eastern,459.14,485.07,,,31.2,42.05
2229,2018-11-22,NorthEastern,31.75,38.01,,,14.37,7.64
2233,2018-11-23,Eastern,464.35,475.91,,,31.2,39.92
2234,2018-11-23,NorthEastern,31.75,38.71,,,14.37,8.07
2238,2018-11-24,Eastern,464.35,451.79,,,31.2,39.32
2239,2018-11-24,NorthEastern,31.75,39.20,,,14.37,8.35
2243,2018-11-25,Eastern,464.35,439.96,,,31.2,32.97
2244,2018-11-25,NorthEastern,31.75,37.58,,,14.37,8.54
2248,2018-11-26,Eastern,464.35,450.74,,,31.2,34.36
2249,2018-11-26,NorthEastern,31.75,38.03,,,14.37,7.96
2253,2018-11-27,Eastern,464.35,455.87,,,31.2,36.59
2254,2018-11-27,NorthEastern,31.75,38.42,,,14.37,7.79
2258,2018-11-28,Eastern,464.35,469.73,,,31.2,31.62
2259,2018-11-28,NorthEastern,31.75,39.01,,,14.37,7.31
2263,2018-11-29,Eastern,464.35,465.87,,,31.2,35.44
2264,2018-11-29,NorthEastern,31.75,37.54,,,14.37,7.47
2268,2018-11-30,Eastern,470.02,469.23,,,31.2,32.91
2269,2018-11-30,NorthEastern,31.75,32.80,,,14.37,7.9
2273,2018-12-01,Eastern,464.61,468.82,,,22.67,29.79
2274,2018-12-01,NorthEastern,31.65,33.70,,,11.1,6.98
2278,2018-12-02,Eastern,458.92,472.50,,,22.67,24.02
2279,2018-12-02,NorthEastern,31.65,34.99,,,11.1,6.96
2283,2018-12-03,Eastern,458.92,462.47,,,22.67,26.72
2284,2018-12-03,NorthEastern,31.65,33.28,,,11.1,6.96
2288,2018-12-04,Eastern,458.92,466.22,,,22.67,23.69
2289,2018-12-04,NorthEastern,31.65,32.89,,,11.1,6.79
2293,2018-12-05,Eastern,458.92,465.67,,,22.67,25.9
2294,2018-12-05,NorthEastern,31.65,32.83,,,11.1,6.5
2298,2018-12-06,Eastern,458.92,471.71,,,22.67,27.8
2299,2018-12-06,NorthEastern,31.65,33.41,,,11.1,7.13
2303,2018-12-07,Eastern,458.92,475.50,,,22.67,26.35
2304,2018-12-07,NorthEastern,31.65,34.30,,,11.1,6.99
2308,2018-12-08,Eastern,458.92,474.99,,,22.67,25.95
2309,2018-12-08,NorthEastern,31.65,37.15,,,11.1,7.0
2313,2018-12-09,Eastern,458.92,470.78,,,22.67,23.69
2314,2018-12-09,NorthEastern,31.65,34.77,,,11.1,6.97
2318,2018-12-10,Eastern,469.01,466.19,,,22.67,27.31
2319,2018-12-10,NorthEastern,31.65,34.55,,,11.1,6.98
2323,2018-12-11,Eastern,481.72,474.07,,,22.67,26.2
2324,2018-12-11,NorthEastern,31.65,35.06,,,11.1,6.14
2328,2018-12-12,Eastern,469.81,470.26,,,22.67,24.69
2329,2018-12-12,NorthEastern,31.65,37.71,,,11.1,6.74
2333,2018-12-13,Eastern,469.81,472.85,,,22.67,24.81
2334,2018-12-13,NorthEastern,31.65,38.15,,,11.1,6.32
2338,2018-12-14,Eastern,469.81,466.55,,,22.67,26.05
2339,2018-12-14,NorthEastern,31.65,38.47,,,11.1,6.57
2343,2018-12-15,Eastern,472.34,462.78,,,22.67,28.67
2344,2018-12-15,NorthEastern,31.65,38.68,,,11.1,6.78
2348,2018-12-16,Eastern,472.34,442.31,,,22.67,26.13
2349,2018-12-16,NorthEastern,31.65,37.78,,,11.1,6.31
2353,2018-12-17,Eastern,478.03,445.55,,,22.67,24.11
2354,2018-12-17,NorthEastern,31.65,37.85,,,11.1,6.94
2358,2018-12-18,Eastern,478.03,447.86,,,22.67,25.78
2359,2018-12-18,NorthEastern,31.65,36.68,,,11.1,6.47
2363,2018-12-19,Eastern,472.30,444.22,,,22.67,26.03
2364,2018-12-19,NorthEastern,31.65,38.23,,,11.1,9.3
2368,2018-12-20,Eastern,472.30,445.85,,,22.67,38.02
2369,2018-12-20,NorthEastern,31.65,39.47,,,11.1,7.96
2373,2018-12-21,Eastern,472.30,461.51,,,22.67,32.02
2374,2018-12-21,NorthEastern,31.65,39.24,,,11.1,7.35
2378,2018-12-22,Eastern,476.70,466.72,,,22.67,30.82
2379,2018-12-22,NorthEastern,31.65,37.87,,,11.1,6.88
2383,2018-12-23,Eastern,476.70,469.87,,,22.67,23.95
2384,2018-12-23,NorthEastern,31.65,35.43,,,11.1,6.25
2388,2018-12-24,Eastern,482.43,461.43,,,22.67,30.54
2389,2018-12-24,NorthEastern,31.65,34.85,,,11.1,6.49
2393,2018-12-25,Eastern,482.43,449.77,,,22.67,34.43
2394,2018-12-25,NorthEastern,31.65,34.95,,,11.1,6.2
2398,2018-12-26,Eastern,482.43,465.85,,,22.67,26.05
2399,2018-12-26,NorthEastern,31.65,33.95,,,11.1,6.83
2403,2018-12-27,Eastern,482.43,467.74,,,22.67,35.33
2404,2018-12-27,NorthEastern,31.65,34.15,,,11.1,6.94
2408,2018-12-28,Eastern,482.43,462.88,,,22.67,31.84
2409,2018-12-28,NorthEastern,31.65,34.12,,,11.1,7.31
2413,2018-12-29,Eastern,482.43,457.34,,,22.67,32.1
2414,2018-12-29,NorthEastern,31.65,33.96,,,11.1,7.79
2418,2018-12-30,Eastern,482.43,468.83,,,22.67,21.58
2419,2018-12-30,NorthEastern,31.65,33.86,,,11.1,7.88
2423,2018-12-31,Eastern,483.43,471.86,,,22.67,26.89
2424,2018-12-31,NorthEastern,31.65,34.21,,,11.1,7.79
2428,2019-01-01,Eastern,492.44,477.12,,,22.84,24.15
2429,2019-01-01,NorthEastern,31.73,33.76,,,9.4,6.28
2433,2019-01-02,Eastern,492.44,477.13,,,22.84,27.1
2434,2019-01-02,NorthEastern,31.73,33.99,,,9.4,7.14
2438,2019-01-03,Eastern,492.44,485.40,,,22.84,26.89
2439,2019-01-03,NorthEastern,31.73,30.19,,,9.4,7.68
2443,2019-01-04,Eastern,492.44,477.45,,,22.84,28.1
2444,2019-01-04,NorthEastern,31.73,33.88,,,9.4,7.46
2448,2019-01-05,Eastern,492.43,467.18,,,22.84,26.46
2449,2019-01-05,NorthEastern,31.73,33.91,,,9.4,7.4
2453,2019-01-06,Eastern,492.43,461.64,,,22.84,25.6
2454,2019-01-06,NorthEastern,31.73,32.86,,,9.4,6.52
2458,2019-01-07,Eastern,492.43,465.93,,,22.84,24.19
2459,2019-01-07,NorthEastern,31.73,28.73,,,9.4,5.88
2463,2019-01-08,Eastern,492.43,482.08,,,22.84,19.89
2464,2019-01-08,NorthEastern,31.73,30.15,,,9.4,5.97
2468,2019-01-09,Eastern,492.43,477.99,,,22.84,22.79
2469,2019-01-09,NorthEastern,31.73,32.57,,,9.4,6.47
2473,2019-01-10,Eastern,492.43,487.67,,,22.84,20.91
2474,2019-01-10,NorthEastern,31.73,37.43,,,9.4,5.97
2478,2019-01-11,Eastern,496.67,492.22,,,22.84,23.38
2479,2019-01-11,NorthEastern,31.73,38.55,,,9.4,5.77
2483,2019-01-12,Eastern,496.67,497.72,,,22.84,22.63
2484,2019-01-12,NorthEastern,31.73,39.17,,,9.4,5.89
2488,2019-01-13,Eastern,496.67,476.33,,,22.84,17.94
2489,2019-01-13,NorthEastern,31.73,39.01,,,9.4,5.71
2493,2019-01-14,Eastern,496.67,477.47,,,22.84,20.35
2494,2019-01-14,NorthEastern,31.73,38.03,,,9.4,5.78
2498,2019-01-15,Eastern,496.67,476.03,,,22.84,23.87
2499,2019-01-15,NorthEastern,31.73,38.92,,,9.4,5.51
2503,2019-01-16,Eastern,508.61,484.50,,,22.84,21.69
2504,2019-01-16,NorthEastern,31.73,38.75,,,9.4,5.43
2508,2019-01-17,Eastern,498.04,489.93,,,22.84,25.59
2509,2019-01-17,NorthEastern,31.73,36.62,,,9.4,5.75
2513,2019-01-18,Eastern,498.04,483.14,,,22.84,29.69
2514,2019-01-18,NorthEastern,31.73,37.06,,,9.4,6.68
2518,2019-01-19,Eastern,498.04,487.86,,,22.84,26.83
2519,2019-01-19,NorthEastern,31.73,38.10,,,9.4,6.79
2523,2019-01-20,Eastern,498.35,483.75,,,22.84,22.58
2524,2019-01-20,NorthEastern,31.73,38.35,,,9.4,6.52
2528,2019-01-21,Eastern,498.35,465.54,,,22.84,28.18
2529,2019-01-21,NorthEastern,31.73,38.08,,,9.4,6.5
2533,2019-01-22,Eastern,498.35,459.56,,,22.84,33.64
2534,2019-01-22,NorthEastern,31.73,37.62,,,9.4,6.72
2538,2019-01-23,Eastern,498.35,484.63,,,22.84,27.89
2539,2019-01-23,NorthEastern,31.73,37.17,,,9.4,6.39
2543,2019-01-24,Eastern,498.35,479.58,,,22.84,25.22
2544,2019-01-24,NorthEastern,31.73,35.54,,,9.4,7.18
2548,2019-01-25,Eastern,498.35,480.53,,,22.84,23.34
2549,2019-01-25,NorthEastern,31.73,34.96,,,9.4,6.97
2553,2019-01-26,Eastern,498.35,462.69,,,22.84,24.55
2554,2019-01-26,NorthEastern,31.73,34.21,,,9.4,6.99
2558,2019-01-27,Eastern,498.35,464.81,,,22.84,20.32
2559,2019-01-27,NorthEastern,31.73,35.06,,,9.4,6.36
2563,2019-01-28,Eastern,498.35,480.30,,,22.84,27.0
2564,2019-01-28,NorthEastern,31.73,35.89,,,9.4,6.75
2568,2019-01-29,Eastern,498.35,495.92,,,22.84,25.32
2569,2019-01-29,NorthEastern,31.73,35.27,,,9.4,6.5
2573,2019-01-30,Eastern,498.35,509.53,,,22.84,25.22
2574,2019-01-30,NorthEastern,31.73,33.23,,,9.4,6.55
2578,2019-01-31,Eastern,498.35,503.77,,,22.84,24.45
2579,2019-01-31,NorthEastern,31.73,36.06,,,9.4,6.36
2583,2019-02-01,Eastern,497.42,497.29,,,24.0,25.22
2584,2019-02-01,NorthEastern,31.81,37.11,,,8.62,5.92
2588,2019-02-02,Eastern,497.42,495.15,,,24.0,24.73
2589,2019-02-02,NorthEastern,31.81,36.38,,,8.62,5.11
2593,2019-02-03,Eastern,497.42,479.44,,,24.0,24.24
2594,2019-02-03,NorthEastern,31.81,36.09,,,8.62,4.74
2598,2019-02-04,Eastern,497.42,485.02,,,24.0,28.95
2599,2019-02-04,NorthEastern,31.81,37.01,,,8.62,5.16
2603,2019-02-05,Eastern,497.42,504.31,,,24.0,26.82
2604,2019-02-05,NorthEastern,31.81,35.84,,,8.62,4.92
2608,2019-02-06,Eastern,497.42,510.15,,,24.0,28.62
2609,2019-02-06,NorthEastern,31.81,35.75,,,8.62,4.89
2613,2019-02-07,Eastern,497.42,505.99,,,24.0,23.24
2614,2019-02-07,NorthEastern,31.81,34.98,,,8.62,4.83
2618,2019-02-08,Eastern,492.71,497.19,,,24.0,26.58
2619,2019-02-08,NorthEastern,31.81,35.33,,,8.62,4.77
2623,2019-02-09,Eastern,492.71,489.36,,,24.0,25.94
2624,2019-02-09,NorthEastern,31.81,34.19,,,8.62,4.33
2628,2019-02-10,Eastern,492.71,494.68,,,24.0,22.24
2629,2019-02-10,NorthEastern,31.81,34.14,,,8.62,4.04
2633,2019-02-11,Eastern,497.10,503.71,,,24.0,24.83
2634,2019-02-11,NorthEastern,31.81,30.45,,,8.62,3.83
2638,2019-02-12,Eastern,497.10,505.56,,,24.0,27.32
2639,2019-02-12,NorthEastern,31.81,32.51,,,8.62,2.6
2643,2019-02-13,Eastern,497.10,511.57,,,24.0,25.18
2644,2019-02-13,NorthEastern,31.81,36.62,,,8.62,2.73
2648,2019-02-14,Eastern,497.10,520.22,,,24.0,25.59
2649,2019-02-14,NorthEastern,31.81,36.99,,,8.62,2.73
2653,2019-02-15,Eastern,497.10,508.54,,,24.0,27.04
2654,2019-02-15,NorthEastern,31.81,37.58,,,8.62,2.45
2658,2019-02-16,Eastern,497.10,486.64,,,24.0,24.0
2659,2019-02-16,NorthEastern,31.81,36.43,,,8.62,2.4
2663,2019-02-17,Eastern,497.10,459.92,,,24.0,22.8
2664,2019-02-17,NorthEastern,31.81,34.79,,,8.62,3.0
2668,2019-02-18,Eastern,497.10,467.47,,,24.0,29.91
2669,2019-02-18,NorthEastern,31.81,35.91,,,8.62,2.84
2673,2019-02-19,Eastern,497.10,489.08,,,24.0,29.88
2674,2019-02-19,NorthEastern,31.81,37.01,,,8.62,3.08
2678,2019-02-20,Eastern,497.10,478.85,,,24.0,33.38
2679,2019-02-20,NorthEastern,31.81,34.24,,,8.62,2.83
2683,2019-02-21,Eastern,504.35,489.90,,,24.0,30.12
2684,2019-02-21,NorthEastern,31.81,37.05,,,8.62,2.42
2688,2019-02-22,Eastern,504.35,506.59,,,24.0,30.34
2689,2019-02-22,NorthEastern,31.81,39.02,,,8.62,2.51
2693,2019-02-23,Eastern,504.35,511.51,,,24.0,29.04
2694,2019-02-23,NorthEastern,31.81,38.42,,,8.62,2.58
2698,2019-02-24,Eastern,504.35,500.31,,,24.0,25.29
2699,2019-02-24,NorthEastern,31.81,36.66,,,8.62,2.33
2703,2019-02-25,Eastern,504.35,482.66,,,24.0,25.77
2704,2019-02-25,NorthEastern,31.81,37.50,,,8.62,2.67
2708,2019-02-26,Eastern,504.35,485.83,,,24.0,29.08
2709,2019-02-26,NorthEastern,31.81,37.93,,,8.62,2.6
2713,2019-02-27,Eastern,504.35,473.70,,,24.0,28.08
2714,2019-02-27,NorthEastern,31.81,37.38,,,8.62,2.43
2718,2019-02-28,Eastern,504.35,480.02,,,24.0,27.21
2719,2019-02-28,NorthEastern,31.81,37.10,,,8.62,2.64
2723,2019-03-01,Eastern,504.47,464.87,,,29.22,26.8
2724,2019-03-01,NorthEastern,31.70,37.45,,,9.21,2.88
2728,2019-03-02,Eastern,504.47,466.76,,,29.22,25.35
2729,2019-03-02,NorthEastern,31.70,38.17,,,9.21,3.06
2733,2019-03-03,Eastern,504.47,475.35,,,29.22,25.05
2734,2019-03-03,NorthEastern,31.70,37.30,,,9.21,3.78
2738,2019-03-04,Eastern,504.47,479.64,,,29.22,25.13
2739,2019-03-04,NorthEastern,31.70,36.08,,,9.21,3.35
2743,2019-03-05,Eastern,504.47,492.45,,,29.22,29.79
2744,2019-03-05,NorthEastern,31.70,37.14,,,9.21,3.83
2748,2019-03-06,Eastern,504.47,490.23,,,29.22,33.22
2749,2019-03-06,NorthEastern,31.70,36.81,,,9.21,3.64
2753,2019-03-07,Eastern,504.47,502.32,,,29.22,30.57
2754,2019-03-07,NorthEastern,31.70,31.51,,,9.21,3.33
2758,2019-03-08,Eastern,504.47,493.33,,,29.22,30.45
2759,2019-03-08,NorthEastern,31.70,31.08,,,9.21,3.54
2763,2019-03-09,Eastern,504.47,501.30,,,29.22,35.73
2764,2019-03-09,NorthEastern,31.70,28.92,,,9.21,3.85
2768,2019-03-10,Eastern,504.47,518.35,,,29.22,30.16
2769,2019-03-10,NorthEastern,31.70,37.10,,,9.21,3.2
2773,2019-03-11,Eastern,504.47,538.01,,,29.22,36.34
2774,2019-03-11,NorthEastern,31.70,38.97,,,9.21,3.18
2778,2019-03-12,Eastern,504.47,540.64,,,29.22,37.34
2779,2019-03-12,NorthEastern,31.70,38.97,,,9.21,3.0
2783,2019-03-13,Eastern,504.47,535.98,,,29.22,37.1
2784,2019-03-13,NorthEastern,31.70,37.75,,,9.21,3.58
2788,2019-03-14,Eastern,504.47,533.24,,,29.22,34.81
2789,2019-03-14,NorthEastern,31.70,38.71,,,9.21,3.04
2793,2019-03-15,Eastern,504.47,505.18,,,29.22,39.61
2794,2019-03-15,NorthEastern,31.70,37.69,,,9.21,3.43
2798,2019-03-16,Eastern,508.97,504.24,,,29.22,38.02
2799,2019-03-16,NorthEastern,31.70,36.52,,,9.21,3.32
2803,2019-03-17,Eastern,508.97,477.01,,,29.22,32.7
2804,2019-03-17,NorthEastern,31.70,37.07,,,9.21,3.1
2808,2019-03-18,Eastern,508.97,491.13,,,29.22,27.3
2809,2019-03-18,NorthEastern,31.70,37.35,,,9.21,2.81
2813,2019-03-19,Eastern,508.97,515.35,,,29.22,34.07
2814,2019-03-19,NorthEastern,31.70,37.07,,,9.21,2.73
2818,2019-03-20,Eastern,508.97,517.30,,,29.22,36.43
2819,2019-03-20,NorthEastern,31.70,36.66,,,9.21,3.09
2823,2019-03-21,Eastern,508.97,465.95,,,29.22,30.0
2824,2019-03-21,NorthEastern,31.70,36.63,,,9.21,3.17
2828,2019-03-22,Eastern,500.87,495.87,,,29.22,30.09
2829,2019-03-22,NorthEastern,31.70,37.12,,,9.21,3.15
2833,2019-03-23,Eastern,500.87,515.41,,,29.22,32.41
2834,2019-03-23,NorthEastern,31.70,37.94,,,9.21,3.42
2838,2019-03-24,Eastern,500.87,517.00,,,29.22,30.84
2839,2019-03-24,NorthEastern,31.70,39.07,,,9.21,3.1
2843,2019-03-25,Eastern,500.87,539.14,,,29.22,36.1
2844,2019-03-25,NorthEastern,31.70,39.06,,,9.21,3.0
2848,2019-03-26,Eastern,500.87,520.41,,,29.22,37.19
2849,2019-03-26,NorthEastern,31.70,37.77,,,9.21,3.03
2853,2019-03-27,Eastern,500.87,536.15,,,29.22,39.76
2854,2019-03-27,NorthEastern,31.70,38.84,,,9.21,3.09
2858,2019-03-28,Eastern,500.87,548.13,,,29.22,42.03
2859,2019-03-28,NorthEastern,31.70,38.19,,,9.21,3.24
2863,2019-03-29,Eastern,500.87,562.16,,,29.22,36.66
2864,2019-03-29,NorthEastern,31.70,38.76,,,9.21,3.39
2868,2019-03-30,Eastern,500.87,547.65,,,29.22,43.52
2869,2019-03-30,NorthEastern,31.70,39.31,,,9.21,2.58
2873,2019-03-31,Eastern,500.87,515.08,,,29.22,49.77
2874,2019-03-31,NorthEastern,31.70,33.95,,,9.21,2.46
2878,2019-04-01,Eastern,526.12,492.91,,,44.26,47.67
2879,2019-04-01,NorthEastern,36.46,34.88,,,4.92,2.79
2883,2019-04-02,Eastern,526.12,552.31,,,44.26,42.88
2884,2019-04-02,NorthEastern,36.46,40.31,,,4.92,2.83
2888,2019-04-03,Eastern,526.12,575.35,,,44.26,39.92
2889,2019-04-03,NorthEastern,36.46,32.77,,,4.92,4.4
2893,2019-04-04,Eastern,526.12,580.84,,,44.26,40.36
2894,2019-04-04,NorthEastern,36.46,36.89,,,4.92,4.08
2898,2019-04-05,Eastern,526.12,567.83,,,44.26,37.6
2899,2019-04-05,NorthEastern,36.46,30.93,,,4.92,4.05
2903,2019-04-06,Eastern,515.16,520.82,,,44.26,37.5
2904,2019-04-06,NorthEastern,36.46,31.36,,,4.92,3.37
2908,2019-04-07,Eastern,515.16,456.77,,,44.26,36.31
2909,2019-04-07,NorthEastern,36.46,28.85,,,4.92,3.3
2913,2019-04-08,Eastern,515.16,507.71,,,44.26,33.4
2914,2019-04-08,NorthEastern,36.46,32.62,,,4.92,3.24
2918,2019-04-09,Eastern,515.16,509.04,,,44.26,40.27
2919,2019-04-09,NorthEastern,36.46,36.98,,,4.92,3.05
2923,2019-04-10,Eastern,515.16,492.00,,,44.26,49.6
2924,2019-04-10,NorthEastern,36.46,42.33,,,4.92,3.65
2928,2019-04-11,Eastern,515.16,516.40,,,44.26,49.5
2929,2019-04-11,NorthEastern,36.46,43.61,,,4.92,3.86
2933,2019-04-12,Eastern,515.16,520.26,,,44.26,53.07
2934,2019-04-12,NorthEastern,36.46,44.76,,,4.92,3.05
2938,2019-04-13,Eastern,515.16,531.81,,,44.26,46.1
2939,2019-04-13,NorthEastern,36.46,42.15,,,4.92,2.99
2943,2019-04-14,Eastern,515.16,499.49,,,44.26,54.7
2944,2019-04-14,NorthEastern,36.46,42.01,,,4.92,3.09
2948,2019-04-15,Eastern,515.16,524.77,,,44.26,50.42
2949,2019-04-15,NorthEastern,36.46,41.55,,,4.92,4.01
2953,2019-04-16,Eastern,511.16,509.51,,,44.26,44.36
2954,2019-04-16,NorthEastern,36.46,38.70,,,4.92,5.46
2958,2019-04-17,Eastern,511.16,473.22,,,44.26,54.68
2959,2019-04-17,NorthEastern,36.46,36.05,,,4.92,4.1
2963,2019-04-18,Eastern,511.16,501.60,,,44.26,53.27
2964,2019-04-18,NorthEastern,36.46,39.83,,,4.92,4.23
2968,2019-04-19,Eastern,511.16,525.69,,,44.26,46.71
2969,2019-04-19,NorthEastern,36.46,40.10,,,4.92,4.24
2973,2019-04-20,Eastern,511.16,531.20,,,44.26,42.95
2974,2019-04-20,NorthEastern,36.46,31.10,,,4.92,4.35
2978,2019-04-21,Eastern,511.16,510.14,,,44.26,39.73
2979,2019-04-21,NorthEastern,36.46,40.15,,,4.92,4.3
2983,2019-04-22,Eastern,511.16,523.04,,,44.26,38.19
2984,2019-04-22,NorthEastern,36.46,38.16,,,4.92,5.75
2988,2019-04-23,Eastern,511.16,519.06,,,44.26,46.29
2989,2019-04-23,NorthEastern,36.46,39.19,,,4.92,5.2
2993,2019-04-24,Eastern,511.16,531.87,,,44.26,53.87
2994,2019-04-24,NorthEastern,36.46,38.65,,,4.92,5.35
2998,2019-04-25,Eastern,511.16,556.14,,,44.26,59.11
2999,2019-04-25,NorthEastern,36.46,37.35,,,4.92,5.29
3003,2019-04-26,Eastern,511.16,541.47,,,44.26,61.46
3004,2019-04-26,NorthEastern,36.46,41.26,,,4.92,4.38
3008,2019-04-27,Eastern,511.16,535.03,,,44.26,62.28
3009,2019-04-27,NorthEastern,36.46,39.54,,,4.92,4.75
3013,2019-04-28,Eastern,511.16,523.95,,,44.26,66.48
3014,2019-04-28,NorthEastern,36.46,39.41,,,4.92,3.44
3018,2019-04-29,Eastern,511.16,552.14,,,44.26,66.36
3019,2019-04-29,NorthEastern,36.46,39.61,,,4.92,7.93
3023,2019-04-30,Eastern,511.16,530.50,,,44.26,68.71
3024,2019-04-30,NorthEastern,36.46,39.33,,,4.92,9.89
3028,2019-05-01,Eastern,516.85,482.56,,,53.28,74.23
3029,2019-05-01,NorthEastern,36.63,37.91,,,13.71,13.9
3033,2019-05-02,Eastern,516.85,494.04,,,53.28,72.42
3034,2019-05-02,NorthEastern,36.63,37.85,,,13.71,18.76
3038,2019-05-03,Eastern,516.85,441.69,,,53.28,61.34
3039,2019-05-03,NorthEastern,36.63,39.05,,,13.71,14.91
3043,2019-05-04,Eastern,528.10,418.03,,,53.28,67.41
3044,2019-05-04,NorthEastern,36.63,33.94,,,13.71,16.08
3048,2019-05-05,Eastern,528.10,464.79,,,53.28,70.06
3049,2019-05-05,NorthEastern,36.63,31.77,,,13.71,24.59
3053,2019-05-06,Eastern,534.18,501.55,,,53.28,69.94
3054,2019-05-06,NorthEastern,36.63,39.92,,,13.71,25.91
3058,2019-05-07,Eastern,534.18,515.94,,,53.28,61.43
3059,2019-05-07,NorthEastern,36.63,41.01,,,13.71,18.96
3063,2019-05-08,Eastern,539.76,530.79,,,53.28,71.07
3064,2019-05-08,NorthEastern,36.63,40.16,,,13.71,16.81
3068,2019-05-09,Eastern,539.76,548.81,,,53.28,75.78
3069,2019-05-09,NorthEastern,36.63,40.71,,,13.71,18.43
3073,2019-05-10,Eastern,539.76,554.74,,,53.28,73.03
3074,2019-05-10,NorthEastern,36.63,41.42,,,13.71,18.13
3078,2019-05-11,Eastern,539.76,547.32,,,53.28,72.84
3079,2019-05-11,NorthEastern,36.63,41.95,,,13.71,19.99
3083,2019-05-12,Eastern,539.76,528.79,,,53.28,73.05
3084,2019-05-12,NorthEastern,36.63,39.87,,,13.71,16.79
3088,2019-05-13,Eastern,539.76,527.54,,,53.28,65.98
3089,2019-05-13,NorthEastern,36.63,40.46,,,13.71,14.01
3093,2019-05-14,Eastern,530.07,502.35,,,53.28,59.79
3094,2019-05-14,NorthEastern,36.63,40.75,,,13.71,14.66
3098,2019-05-15,Eastern,530.07,527.32,,,53.28,53.41
3099,2019-05-15,NorthEastern,36.63,43.10,,,13.71,14.95
3103,2019-05-16,Eastern,530.07,539.31,,,53.28,57.41
3104,2019-05-16,NorthEastern,36.63,42.92,,,13.71,13.46
3108,2019-05-17,Eastern,530.07,535.62,,,53.28,61.83
3109,2019-05-17,NorthEastern,36.63,41.42,,,13.71,15.33
3113,2019-05-18,Eastern,530.07,533.36,,,53.28,61.87
3114,2019-05-18,NorthEastern,36.63,40.44,,,13.71,17.37
3118,2019-05-19,Eastern,530.07,528.07,,,53.28,63.01
3119,2019-05-19,NorthEastern,36.63,44.25,,,13.71,15.52
3123,2019-05-20,Eastern,530.07,541.90,,,53.28,65.92
3124,2019-05-20,NorthEastern,36.63,47.23,,,13.71,14.65
3128,2019-05-21,Eastern,530.07,546.19,,,53.28,63.93
3129,2019-05-21,NorthEastern,36.63,46.72,,,13.71,14.32
3133,2019-05-22,Eastern,530.07,555.98,,,53.28,63.27
3134,2019-05-22,NorthEastern,36.63,44.85,,,13.71,16.02
3138,2019-05-23,Eastern,530.07,521.22,,,53.28,69.21
3139,2019-05-23,NorthEastern,36.63,32.84,,,13.71,19.24
3143,2019-05-24,Eastern,530.07,513.15,,,53.28,69.09
3144,2019-05-24,NorthEastern,36.63,32.77,,,13.71,22.03
3148,2019-05-25,Eastern,530.07,510.84,,,53.28,65.49
3149,2019-05-25,NorthEastern,36.63,32.55,,,13.71,17.32
3153,2019-05-26,Eastern,530.07,498.26,,,53.28,74.0
3154,2019-05-26,NorthEastern,36.63,37.69,,,13.71,17.04
3158,2019-05-27,Eastern,530.07,528.87,,,53.28,82.01
3159,2019-05-27,NorthEastern,36.63,42.11,,,13.71,15.05
3163,2019-05-28,Eastern,530.07,520.87,,,53.28,70.02
3164,2019-05-28,NorthEastern,36.63,42.87,,,13.71,17.38
3168,2019-05-29,Eastern,530.07,518.85,,,53.28,67.96
3169,2019-05-29,NorthEastern,36.63,45.50,,,13.71,15.5
3173,2019-05-30,Eastern,530.07,521.27,,,53.28,72.82
3174,2019-05-30,NorthEastern,36.63,39.99,,,13.71,14.22
3178,2019-05-31,Eastern,530.07,518.63,,,53.28,58.79
3179,2019-05-31,NorthEastern,36.63,38.45,,,13.71,13.94
3183,2019-06-01,Eastern,510.69,538.77,,,66.73,59.8
3184,2019-06-01,NorthEastern,34.38,37.62,,,22.8,14.95
3188,2019-06-02,Eastern,510.69,512.13,,,66.73,60.27
3189,2019-06-02,NorthEastern,34.38,39.77,,,22.8,12.8
3193,2019-06-03,Eastern,510.69,499.86,,,66.73,56.16
3194,2019-06-03,NorthEastern,34.38,39.57,,,22.8,12.01
3198,2019-06-04,Eastern,510.69,544.26,,,66.73,66.93
3199,2019-06-04,NorthEastern,34.38,36.96,,,22.8,13.83
3203,2019-06-05,Eastern,510.69,558.29,,,66.73,67.19
3204,2019-06-05,NorthEastern,34.65,39.89,,,22.8,16.92
3208,2019-06-06,Eastern,507.69,550.80,,,66.73,67.28
3209,2019-06-06,NorthEastern,34.65,37.52,,,22.8,16.19
3213,2019-06-07,Eastern,507.69,539.68,,,66.73,71.54
3214,2019-06-07,NorthEastern,34.65,37.42,,,22.8,16.18
3218,2019-06-08,Eastern,507.69,521.95,,,66.73,82.06
3219,2019-06-08,NorthEastern,34.65,37.18,,,22.8,16.76
3223,2019-06-09,Eastern,507.69,523.80,,,66.73,85.17
3224,2019-06-09,NorthEastern,34.65,38.06,,,22.8,17.52
3228,2019-06-10,Eastern,507.69,531.64,,,66.73,84.26
3229,2019-06-10,NorthEastern,34.65,29.36,,,22.8,16.24
3233,2019-06-11,Eastern,507.69,521.55,,,66.73,73.05
3234,2019-06-11,NorthEastern,34.65,40.74,,,22.8,16.56
3238,2019-06-12,Eastern,507.69,503.61,,,66.73,76.87
3239,2019-06-12,NorthEastern,34.65,40.87,,,22.8,17.41
3243,2019-06-13,Eastern,507.69,458.81,,,66.73,69.56
3244,2019-06-13,NorthEastern,34.65,40.87,,,22.8,17.09
3248,2019-06-14,Eastern,507.69,528.89,,,66.73,58.12
3249,2019-06-14,NorthEastern,34.65,43.63,,,22.8,15.48
3253,2019-06-15,Eastern,507.69,501.09,,,66.73,73.26
3254,2019-06-15,NorthEastern,34.65,42.09,,,22.8,17.19
3258,2019-06-16,Eastern,507.36,475.77,,,66.73,73.4
3259,2019-06-16,NorthEastern,34.65,39.87,,,22.8,17.25
3263,2019-06-17,Eastern,507.36,497.52,,,66.73,60.67
3264,2019-06-17,NorthEastern,34.65,39.86,,,22.8,19.07
3268,2019-06-18,Eastern,507.36,500.64,,,66.73,46.87
3269,2019-06-18,NorthEastern,34.65,36.26,,,22.8,22.55
3273,2019-06-19,Eastern,516.53,508.21,,,66.73,76.39
3274,2019-06-19,NorthEastern,34.65,40.35,,,22.8,19.66
3278,2019-06-20,Eastern,516.53,509.55,,,66.73,77.83
3279,2019-06-20,NorthEastern,34.65,42.77,,,22.8,17.08
3283,2019-06-21,Eastern,505.98,487.06,,,66.73,70.57
3284,2019-06-21,NorthEastern,34.95,45.74,,,22.8,16.34
3288,2019-06-22,Eastern,505.98,488.13,,,66.73,73.21
3289,2019-06-22,NorthEastern,34.68,40.15,,,22.8,15.36
3293,2019-06-23,Eastern,505.98,480.29,,,66.73,81.17
3294,2019-06-23,NorthEastern,34.68,41.81,,,22.8,15.12
3298,2019-06-24,Eastern,502.37,493.89,,,66.73,79.87
3299,2019-06-24,NorthEastern,34.68,42.05,,,22.8,15.38
3303,2019-06-25,Eastern,498.08,497.36,,,66.73,81.59
3304,2019-06-25,NorthEastern,34.68,41.19,,,22.8,16.03
3308,2019-06-26,Eastern,498.08,482.34,,,66.73,74.87
3309,2019-06-26,NorthEastern,36.15,38.70,,,22.8,16.71
3313,2019-06-27,Eastern,498.08,477.51,,,66.73,77.43
3314,2019-06-27,NorthEastern,36.15,38.62,,,22.8,21.3
3318,2019-06-28,Eastern,498.08,486.72,,,66.73,71.8
3319,2019-06-28,NorthEastern,36.15,40.18,,,22.8,22.17
3323,2019-06-29,Eastern,498.08,505.32,,,66.73,76.03
3324,2019-06-29,NorthEastern,36.15,39.57,,,22.8,23.46
3328,2019-06-30,Eastern,498.08,469.75,,,66.73,74.75
3329,2019-06-30,NorthEastern,36.15,40.19,,,22.8,20.84
3333,2019-07-01,Eastern,483.72,507.20,,,83.26,70.91
3334,2019-07-01,NorthEastern,33.85,40.34,,,27.73,20.01
3338,2019-07-02,Eastern,483.72,499.51,,,83.26,74.62
3339,2019-07-02,NorthEastern,33.85,40.36,,,27.73,19.9
3343,2019-07-03,Eastern,483.72,484.63,,,83.26,72.7
3344,2019-07-03,NorthEastern,33.85,41.33,,,27.73,20.9
3348,2019-07-04,Eastern,483.72,481.60,,,83.26,76.91
3349,2019-07-04,NorthEastern,33.85,42.41,,,27.73,18.52
3353,2019-07-05,Eastern,483.72,480.93,,,83.26,78.68
3354,2019-07-05,NorthEastern,33.85,40.01,,,27.73,17.72
3358,2019-07-06,Eastern,491.26,466.60,,,83.26,75.18
3359,2019-07-06,NorthEastern,34.43,38.09,,,27.73,16.17
3363,2019-07-07,Eastern,491.26,428.01,,,83.26,79.44
3364,2019-07-07,NorthEastern,34.43,32.17,,,27.73,21.64
3368,2019-07-08,Eastern,499.13,443.85,,,83.26,83.29
3369,2019-07-08,NorthEastern,34.43,34.23,,,27.73,25.71
3373,2019-07-09,Eastern,499.13,439.35,,,83.26,81.06
3374,2019-07-09,NorthEastern,34.43,36.24,,,27.73,27.75
3378,2019-07-10,Eastern,500.40,459.55,,,83.26,75.54
3379,2019-07-10,NorthEastern,34.43,38.88,,,27.73,29.05
3383,2019-07-11,Eastern,497.70,444.15,,,83.26,74.6
3384,2019-07-11,NorthEastern,34.43,37.10,,,27.73,28.33
3388,2019-07-12,Eastern,493.52,465.58,,,83.26,75.26
3389,2019-07-12,NorthEastern,34.43,32.62,,,27.73,30.03
3393,2019-07-13,Eastern,493.52,477.59,,,83.26,69.67
3394,2019-07-13,NorthEastern,34.43,34.89,,,27.73,30.22
3398,2019-07-14,Eastern,493.52,444.42,,,83.26,58.9
3399,2019-07-14,NorthEastern,34.43,35.84,,,27.73,29.99
3403,2019-07-15,Eastern,490.81,450.43,,,83.26,69.93
3404,2019-07-15,NorthEastern,33.97,34.33,,,27.73,29.65
3408,2019-07-16,Eastern,501.37,453.76,,,83.26,69.72
3409,2019-07-16,NorthEastern,29.70,39.90,,,27.73,29.29
3413,2019-07-17,Eastern,501.37,468.30,,,83.26,78.48
3414,2019-07-17,NorthEastern,29.70,43.55,,,27.73,29.09
3418,2019-07-18,Eastern,501.37,502.84,,,83.26,77.76
3419,2019-07-18,NorthEastern,29.70,45.83,,,27.73,28.79
3423,2019-07-19,Eastern,501.37,507.32,,,83.26,60.36
3424,2019-07-19,NorthEastern,29.70,45.44,,,27.73,28.87
3428,2019-07-20,Eastern,496.06,499.35,,,83.26,83.78
3429,2019-07-20,NorthEastern,29.70,42.93,,,27.73,27.83
3433,2019-07-21,Eastern,496.06,497.42,,,83.26,80.92
3434,2019-07-21,NorthEastern,29.97,41.19,,,27.73,26.46
3438,2019-07-22,Eastern,496.06,499.70,,,83.26,84.17
3439,2019-07-22,NorthEastern,30.43,40.89,,,27.73,27.58
3443,2019-07-23,Eastern,496.06,504.66,,,83.26,80.39
3444,2019-07-23,NorthEastern,30.43,39.84,,,27.73,27.92
3448,2019-07-24,Eastern,496.06,484.37,,,83.26,76.22
3449,2019-07-24,NorthEastern,30.43,40.57,,,27.73,28.9
3453,2019-07-25,Eastern,491.98,445.44,,,83.26,70.86
3454,2019-07-25,NorthEastern,30.43,38.63,,,27.73,28.14
3458,2019-07-26,Eastern,488.50,433.21,,,83.26,83.21
3459,2019-07-26,NorthEastern,30.43,39.59,,,27.73,28.59
3463,2019-07-27,Eastern,488.50,419.17,,,83.26,85.56
3464,2019-07-27,NorthEastern,30.43,39.48,,,27.73,28.23
3468,2019-07-28,Eastern,488.50,398.31,,,83.26,76.89
3469,2019-07-28,NorthEastern,30.43,38.93,,,27.73,26.85
3473,2019-07-29,Eastern,488.50,403.81,,,83.26,72.13
3474,2019-07-29,NorthEastern,30.43,40.69,,,27.73,24.98
3478,2019-07-30,Eastern,488.50,420.87,,,83.26,82.71
3479,2019-07-30,NorthEastern,30.43,40.28,,,27.73,24.45
3483,2019-07-31,Eastern,491.50,425.96,,,83.26,83.51
3484,2019-07-31,NorthEastern,30.43,41.31,,,27.73,25.71
3488,2019-08-01,Eastern,495.71,423.33,,,90.02,94.42
3489,2019-08-01,NorthEastern,29.73,39.89,,,30.44,28.0
3493,2019-08-02,Eastern,495.71,415.84,,,90.02,96.94
3494,2019-08-02,NorthEastern,29.73,34.83,,,30.44,28.28
3498,2019-08-03,Eastern,495.71,402.51,,,90.02,96.11
3499,2019-08-03,NorthEastern,29.73,36.49,,,30.44,28.6
3503,2019-08-04,Eastern,496.96,384.85,,,90.02,80.81
3504,2019-08-04,NorthEastern,29.73,38.22,,,30.44,26.98
3508,2019-08-05,Eastern,496.96,396.04,,,90.02,88.37
3509,2019-08-05,NorthEastern,29.73,41.40,,,30.44,25.49
3513,2019-08-06,Eastern,496.96,373.49,,,90.02,78.98
3514,2019-08-06,NorthEastern,29.73,39.62,,,30.44,25.35
3518,2019-08-07,Eastern,496.96,354.94,,,90.02,67.22
3519,2019-08-07,NorthEastern,29.73,38.60,,,30.44,22.16
3523,2019-08-08,Eastern,496.96,371.71,,,90.02,65.3
3524,2019-08-08,NorthEastern,30.23,37.85,,,30.44,22.98
3528,2019-08-09,Eastern,496.96,388.32,,,90.02,75.26
3529,2019-08-09,NorthEastern,30.23,34.37,,,30.44,25.27
3533,2019-08-10,Eastern,496.96,389.96,,,90.02,63.21
3534,2019-08-10,NorthEastern,30.23,36.51,,,30.44,24.16
3538,2019-08-11,Eastern,499.72,405.82,,,90.02,83.98
3539,2019-08-11,NorthEastern,30.23,36.76,,,30.44,22.8
3543,2019-08-12,Eastern,496.90,437.17,,,90.02,81.31
3544,2019-08-12,NorthEastern,30.23,35.52,,,30.44,21.23
3548,2019-08-13,Eastern,495.65,429.10,,,90.02,75.41
3549,2019-08-13,NorthEastern,30.23,34.65,,,30.44,21.31
3553,2019-08-14,Eastern,495.65,409.09,,,90.02,80.16
3554,2019-08-14,NorthEastern,30.23,35.09,,,30.44,20.84
3558,2019-08-15,Eastern,496.00,360.93,,,90.02,84.87
3559,2019-08-15,NorthEastern,30.23,30.14,,,30.44,23.52
3563,2019-08-16,Eastern,492.04,389.61,,,90.02,87.26
3564,2019-08-16,NorthEastern,30.23,27.33,,,30.44,23.19
3568,2019-08-17,Eastern,488.04,386.88,,,90.02,87.03
3569,2019-08-17,NorthEastern,30.23,28.98,,,30.44,23.06
3573,2019-08-18,Eastern,488.04,377.75,,,90.02,88.46
3574,2019-08-18,NorthEastern,30.23,30.22,,,30.44,20.34
3578,2019-08-19,Eastern,488.04,411.18,,,90.02,85.62
3579,2019-08-19,NorthEastern,30.23,29.92,,,30.44,20.62
3583,2019-08-20,Eastern,491.62,404.51,,,90.02,95.71
3584,2019-08-20,NorthEastern,30.23,31.34,,,30.44,20.23
3588,2019-08-21,Eastern,488.20,408.59,,,90.02,86.93
3589,2019-08-21,NorthEastern,30.50,31.76,,,30.44,19.37
3593,2019-08-22,Eastern,488.20,410.05,,,90.02,87.97
3594,2019-08-22,NorthEastern,30.50,30.53,,,30.44,18.73
3598,2019-08-23,Eastern,488.20,389.63,,,90.02,92.03
3599,2019-08-23,NorthEastern,30.50,26.22,,,30.44,19.78
3603,2019-08-24,Eastern,496.46,387.42,,,90.02,100.73
3604,2019-08-24,NorthEastern,30.50,27.17,,,30.44,21.15
3608,2019-08-25,Eastern,496.46,398.47,,,90.02,102.63
3609,2019-08-25,NorthEastern,30.50,28.92,,,30.44,18.14
3613,2019-08-26,Eastern,496.46,415.87,,,90.02,99.6
3614,2019-08-26,NorthEastern,30.50,30.02,,,30.44,18.72
3618,2019-08-27,Eastern,492.31,426.29,,,90.02,104.53
3619,2019-08-27,NorthEastern,30.50,32.14,,,30.44,17.59
3623,2019-08-28,Eastern,496.98,427.13,,,90.02,100.68
3624,2019-08-28,NorthEastern,30.50,29.47,,,30.44,18.15
3628,2019-08-29,Eastern,496.98,430.44,,,90.02,104.85
3629,2019-08-29,NorthEastern,34.83,33.08,,,30.44,17.51
3633,2019-08-30,Eastern,496.98,445.33,,,90.02,103.99
3634,2019-08-30,NorthEastern,34.83,32.57,,,30.44,17.17
3638,2019-08-31,Eastern,496.98,475.44,,,90.02,99.5
3639,2019-08-31,NorthEastern,34.83,28.34,,,30.44,16.77
3643,2019-09-01,Eastern,510.82,453.61,,,86.01,100.03
3644,2019-09-01,NorthEastern,34.45,24.82,,,33.99,15.15
3648,2019-09-02,Eastern,510.82,464.04,,,86.01,95.01
3649,2019-09-02,NorthEastern,34.45,22.47,,,33.99,15.78
3653,2019-09-03,Eastern,500.22,477.75,,,86.01,92.62
3654,2019-09-03,NorthEastern,34.45,29.79,,,33.99,14.24
3658,2019-09-04,Eastern,500.22,484.30,,,86.01,92.66
3659,2019-09-04,NorthEastern,34.45,26.21,,,33.99,17.48
3663,2019-09-05,Eastern,500.22,483.51,,,86.01,95.16
3664,2019-09-05,NorthEastern,35.03,29.05,,,33.99,17.55
3668,2019-09-06,Eastern,500.22,484.18,,,86.01,89.14
3669,2019-09-06,NorthEastern,35.03,27.56,,,33.99,19.17
3673,2019-09-07,Eastern,500.22,467.25,,,86.01,90.46
3674,2019-09-07,NorthEastern,35.03,27.98,,,33.99,21.78
3678,2019-09-08,Eastern,500.22,435.81,,,86.01,95.1
3679,2019-09-08,NorthEastern,35.51,28.44,,,33.99,18.83
3683,2019-09-09,Eastern,500.87,452.97,,,86.01,101.54
3684,2019-09-09,NorthEastern,35.51,29.52,,,33.99,18.3
3688,2019-09-10,Eastern,500.87,466.78,,,86.01,103.28
3689,2019-09-10,NorthEastern,35.51,28.85,,,33.99,22.61
3693,2019-09-11,Eastern,500.87,465.61,,,86.01,105.58
3694,2019-09-11,NorthEastern,35.51,28.80,,,33.99,21.89
3698,2019-09-12,Eastern,500.87,437.60,,,86.01,102.69
3699,2019-09-12,NorthEastern,35.51,23.90,,,33.99,26.15
3703,2019-09-13,Eastern,500.87,418.06,,,86.01,103.72
3704,2019-09-13,NorthEastern,35.51,24.80,,,33.99,22.81
3708,2019-09-14,Eastern,500.87,441.02,,,86.01,101.91
3709,2019-09-14,NorthEastern,35.51,31.08,,,33.99,22.79
3713,2019-09-15,Eastern,495.87,427.40,,,86.01,104.93
3714,2019-09-15,NorthEastern,34.94,36.16,,,33.99,22.51
3718,2019-09-16,Eastern,495.87,449.87,,,86.01,100.77
3719,2019-09-16,NorthEastern,34.94,36.73,,,33.99,27.52
3723,2019-09-17,Eastern,495.87,450.47,,,86.01,91.09
3724,2019-09-17,NorthEastern,34.94,36.57,,,33.99,26.91
3728,2019-09-18,Eastern,495.87,443.45,,,86.01,82.66
3729,2019-09-18,NorthEastern,34.94,38.97,,,33.99,26.01
3733,2019-09-19,Eastern,495.87,454.44,,,86.01,96.58
3734,2019-09-19,NorthEastern,34.94,40.09,,,33.99,22.61
3738,2019-09-20,Eastern,495.87,464.31,,,86.01,98.55
3739,2019-09-20,NorthEastern,34.94,39.72,,,33.99,18.93
3743,2019-09-21,Eastern,504.67,469.18,,,86.01,90.79
3744,2019-09-21,NorthEastern,34.94,39.49,,,33.99,20.27
3748,2019-09-22,Eastern,509.67,448.99,,,86.01,89.36
3749,2019-09-22,NorthEastern,34.94,37.87,,,33.99,19.93
3753,2019-09-23,Eastern,509.67,465.57,,,86.01,89.22
3754,2019-09-23,NorthEastern,34.94,33.49,,,33.99,23.53
3758,2019-09-24,Eastern,509.67,431.02,,,86.01,92.88
3759,2019-09-24,NorthEastern,34.94,32.67,,,33.99,26.69
3763,2019-09-25,Eastern,509.67,403.27,,,86.01,69.53
3764,2019-09-25,NorthEastern,34.94,31.73,,,33.99,28.6
3768,2019-09-26,Eastern,513.67,391.97,,,86.01,73.8
3769,2019-09-26,NorthEastern,34.94,32.05,,,33.99,27.21
3773,2019-09-27,Eastern,513.67,388.32,,,86.01,84.17
3774,2019-09-27,NorthEastern,34.94,33.13,,,33.99,25.83
3778,2019-09-28,Eastern,524.27,371.31,,,86.01,82.22
3779,2019-09-28,NorthEastern,34.94,34.76,,,33.99,23.2
3783,2019-09-29,Eastern,526.57,329.95,,,86.01,77.81
3784,2019-09-29,NorthEastern,34.94,34.30,,,33.99,24.01
3788,2019-09-30,Eastern,526.57,328.27,,,86.01,88.67
3789,2019-09-30,NorthEastern,34.94,34.48,,,33.99,22.81
3793,2019-10-01,Eastern,530.46,345.83,,,64.81,90.19
3794,2019-10-01,NorthEastern,34.89,34.44,,,26.91,23.58
3798,2019-10-02,Eastern,530.46,371.10,,,64.81,88.38
3799,2019-10-02,NorthEastern,34.89,34.12,,,26.91,26.67
3803,2019-10-03,Eastern,530.46,402.84,,,64.81,95.33
3804,2019-10-03,NorthEastern,34.89,35.60,,,26.91,23.99
3808,2019-10-04,Eastern,530.46,433.06,,,64.81,105.92
3809,2019-10-04,NorthEastern,34.89,40.64,,,26.91,23.48
3813,2019-10-05,Eastern,530.46,455.42,,,64.81,91.02
3814,2019-10-05,NorthEastern,34.89,40.46,,,26.91,23.05
3818,2019-10-06,Eastern,530.46,430.30,,,64.81,82.88
3819,2019-10-06,NorthEastern,34.89,38.96,,,26.91,23.09
3823,2019-10-07,Eastern,530.46,416.73,,,64.81,79.35
3824,2019-10-07,NorthEastern,34.89,36.63,,,26.91,17.84
3828,2019-10-08,Eastern,530.46,384.79,,,64.81,78.0
3829,2019-10-08,NorthEastern,34.89,32.73,,,26.91,17.43
3833,2019-10-09,Eastern,528.19,388.32,,,64.81,87.17
3834,2019-10-09,NorthEastern,34.89,32.22,,,26.91,16.78
3838,2019-10-10,Eastern,528.19,414.17,,,64.81,89.64
3839,2019-10-10,NorthEastern,34.89,35.06,,,26.91,16.21
3843,2019-10-11,Eastern,528.19,422.06,,,64.81,89.45
3844,2019-10-11,NorthEastern,34.89,35.60,,,26.91,15.4
3848,2019-10-12,Eastern,528.19,437.83,,,64.81,87.63
3849,2019-10-12,NorthEastern,34.89,34.77,,,26.91,15.01
3853,2019-10-13,Eastern,528.19,433.47,,,64.81,80.06
3854,2019-10-13,NorthEastern,34.89,34.28,,,26.91,13.54
3858,2019-10-14,Eastern,528.19,451.03,,,64.81,79.85
3859,2019-10-14,NorthEastern,34.89,35.00,,,26.91,13.39
3863,2019-10-15,Eastern,528.19,464.97,,,64.81,78.8
3864,2019-10-15,NorthEastern,34.89,32.16,,,26.91,12.8
3868,2019-10-16,Eastern,528.19,466.91,,,64.81,74.07
3869,2019-10-16,NorthEastern,34.89,31.53,,,26.91,11.99
3873,2019-10-17,Eastern,528.19,454.64,,,64.81,75.77
3874,2019-10-17,NorthEastern,34.89,31.25,,,26.91,12.1
3878,2019-10-18,Eastern,528.19,462.95,,,64.81,74.54
3879,2019-10-18,NorthEastern,34.89,30.59,,,26.91,11.81
3883,2019-10-19,Eastern,528.19,455.96,,,64.81,73.25
3884,2019-10-19,NorthEastern,34.89,31.32,,,26.91,11.69
3888,2019-10-20,Eastern,528.19,438.83,,,64.81,68.23
3889,2019-10-20,NorthEastern,35.47,28.83,,,26.91,11.26
3893,2019-10-21,Eastern,528.19,426.52,,,64.81,67.59
3894,2019-10-21,NorthEastern,35.47,28.38,,,26.91,10.57
3898,2019-10-22,Eastern,528.19,431.44,,,64.81,66.35
3899,2019-10-22,NorthEastern,35.47,29.13,,,26.91,11.35
3903,2019-10-23,Eastern,528.19,438.77,,,64.81,61.47
3904,2019-10-23,NorthEastern,35.47,33.08,,,26.91,10.85
3908,2019-10-24,Eastern,528.19,416.14,,,64.81,63.73
3909,2019-10-24,NorthEastern,35.47,32.92,,,26.91,10.54
3913,2019-10-25,Eastern,528.19,390.90,,,64.81,63.93
3914,2019-10-25,NorthEastern,35.47,31.49,,,26.91,10.95
3918,2019-10-26,Eastern,528.19,372.94,,,64.81,64.09
3919,2019-10-26,NorthEastern,35.47,29.52,,,26.91,15.42
3923,2019-10-27,Eastern,528.19,374.66,,,64.81,64.09
3924,2019-10-27,NorthEastern,35.47,30.46,,,26.91,18.28
3928,2019-10-28,Eastern,528.19,382.96,,,64.81,68.18
3929,2019-10-28,NorthEastern,35.47,31.40,,,26.91,15.82
3933,2019-10-29,Eastern,527.42,391.34,,,64.81,62.07
3934,2019-10-29,NorthEastern,35.47,34.29,,,26.91,15.76
3938,2019-10-30,Eastern,527.42,392.62,,,64.81,64.54
3939,2019-10-30,NorthEastern,35.47,35.45,,,26.91,15.42
3943,2019-10-31,Eastern,527.42,402.32,,,64.81,62.07
3944,2019-10-31,NorthEastern,35.47,34.75,,,26.91,14.93
3948,2019-11-01,Eastern,480.63,401.70,,,37.92,63.16
3949,2019-11-01,NorthEastern,35.52,34.95,,,18.37,12.94
3953,2019-11-02,Eastern,480.63,425.24,,,37.92,58.06
3954,2019-11-02,NorthEastern,35.52,34.68,,,18.37,12.39
3958,2019-11-03,Eastern,480.63,438.64,,,37.92,50.98
3959,2019-11-03,NorthEastern,35.52,35.40,,,18.37,12.19
3963,2019-11-04,Eastern,480.63,459.75,,,37.92,53.8
3964,2019-11-04,NorthEastern,35.52,35.88,,,18.37,11.59
3968,2019-11-05,Eastern,480.63,472.65,,,37.92,49.49
3969,2019-11-05,NorthEastern,35.52,36.12,,,18.37,11.37
3973,2019-11-06,Eastern,480.63,494.02,,,37.92,44.33
3974,2019-11-06,NorthEastern,35.52,35.04,,,18.37,12.19
3978,2019-11-07,Eastern,480.63,463.50,,,37.92,42.38
3979,2019-11-07,NorthEastern,35.52,33.98,,,18.37,11.84
3983,2019-11-08,Eastern,484.24,449.91,,,37.92,40.23
3984,2019-11-08,NorthEastern,34.95,33.48,,,18.37,11.33
3988,2019-11-09,Eastern,484.24,434.75,,,37.92,40.48
3989,2019-11-09,NorthEastern,34.95,34.17,,,18.37,11.12
3993,2019-11-10,Eastern,474.57,425.11,,,37.92,44.05
3994,2019-11-10,NorthEastern,34.95,32.83,,,18.37,11.79
3998,2019-11-11,Eastern,474.57,456.92,,,37.92,42.83
3999,2019-11-11,NorthEastern,34.95,33.87,,,18.37,11.6
4003,2019-11-12,Eastern,471.22,451.63,,,37.92,45.91
4004,2019-11-12,NorthEastern,34.95,35.47,,,18.37,10.99
4008,2019-11-13,Eastern,471.22,456.31,,,37.92,42.81
4009,2019-11-13,NorthEastern,34.95,35.14,,,18.37,10.26
4013,2019-11-14,Eastern,471.22,463.33,,,37.92,37.98
4014,2019-11-14,NorthEastern,34.95,35.05,,,18.37,10.38
4018,2019-11-15,Eastern,484.03,478.46,,,37.92,39.36
4019,2019-11-15,NorthEastern,34.95,36.01,,,18.37,10.34
4023,2019-11-16,Eastern,474.70,486.77,,,37.92,39.3
4024,2019-11-16,NorthEastern,34.95,35.46,,,18.37,9.84
4028,2019-11-17,Eastern,474.70,463.35,,,37.92,32.87
4029,2019-11-17,NorthEastern,34.95,34.29,,,18.37,10.02
4033,2019-11-18,Eastern,474.70,494.38,,,37.92,37.52
4034,2019-11-18,NorthEastern,34.95,32.56,,,18.37,9.72
4038,2019-11-19,Eastern,478.05,512.93,,,37.92,38.55
4039,2019-11-19,NorthEastern,34.95,36.23,,,18.37,10.16
4043,2019-11-20,Eastern,478.05,506.26,,,37.92,38.45
4044,2019-11-20,NorthEastern,34.95,37.15,,,18.37,13.9
4048,2019-11-21,Eastern,478.05,477.12,,,37.92,35.37
4049,2019-11-21,NorthEastern,34.95,36.76,,,18.37,9.62
4053,2019-11-22,Eastern,478.05,474.62,,,37.92,35.15
4054,2019-11-22,NorthEastern,34.95,37.59,,,18.37,9.43
4058,2019-11-23,Eastern,478.05,477.91,,,37.92,30.98
4059,2019-11-23,NorthEastern,34.95,36.74,,,18.37,9.79
4063,2019-11-24,Eastern,474.70,472.58,,,37.92,84.04
4064,2019-11-24,NorthEastern,34.95,35.79,,,18.37,9.49
4068,2019-11-25,Eastern,474.70,485.56,,,37.92,30.36
4069,2019-11-25,NorthEastern,34.95,36.50,,,18.37,8.95
4073,2019-11-26,Eastern,474.70,469.71,,,37.92,28.5
4074,2019-11-26,NorthEastern,34.95,35.15,,,18.37,9.25
4078,2019-11-27,Eastern,474.70,467.05,,,37.92,24.12
4079,2019-11-27,NorthEastern,34.95,35.67,,,18.37,9.13
4083,2019-11-28,Eastern,474.70,466.69,,,37.92,26.02
4084,2019-11-28,NorthEastern,34.95,35.43,,,18.37,9.26
4088,2019-11-29,Eastern,478.20,466.84,,,37.92,32.55
4089,2019-11-29,NorthEastern,34.95,36.08,,,18.37,9.04
4093,2019-11-30,Eastern,478.20,467.16,,,37.92,30.39
4094,2019-11-30,NorthEastern,34.95,34.05,,,18.37,9.1
4098,2019-12-01,Eastern,470.22,456.47,,,25.63,26.69
4099,2019-12-01,NorthEastern,34.92,35.75,,,14.6,8.76
4103,2019-12-02,Eastern,464.60,472.86,,,25.63,29.95
4104,2019-12-02,NorthEastern,34.92,37.50,,,14.6,9.13
4108,2019-12-03,Eastern,464.60,488.24,,,25.63,23.97
4109,2019-12-03,NorthEastern,35.44,36.69,,,14.6,8.13
4113,2019-12-04,Eastern,467.64,474.32,,,25.63,25.4
4114,2019-12-04,NorthEastern,35.44,35.49,,,14.6,8.29
4118,2019-12-05,Eastern,467.64,480.52,,,25.63,18.06
4119,2019-12-05,NorthEastern,35.44,35.20,,,14.6,8.39
4123,2019-12-06,Eastern,486.52,475.91,,,25.63,25.63
4124,2019-12-06,NorthEastern,35.44,37.50,,,14.6,8.05
4128,2019-12-07,Eastern,486.52,475.01,,,25.63,23.74
4129,2019-12-07,NorthEastern,35.44,36.51,,,14.6,8.02
4133,2019-12-08,Eastern,486.52,458.64,,,25.63,30.36
4134,2019-12-08,NorthEastern,35.44,34.39,,,14.6,7.98
4138,2019-12-09,Eastern,486.52,449.20,,,25.63,41.88
4139,2019-12-09,NorthEastern,35.44,37.96,,,14.6,7.83
4143,2019-12-10,Eastern,490.61,472.14,,,25.63,40.9
4144,2019-12-10,NorthEastern,35.44,39.26,,,14.6,7.81
4148,2019-12-11,Eastern,487.61,495.95,,,25.63,35.3
4149,2019-12-11,NorthEastern,35.44,36.96,,,14.6,8.65
4153,2019-12-12,Eastern,487.61,495.20,,,25.63,33.13
4154,2019-12-12,NorthEastern,35.44,33.51,,,14.6,7.89
4158,2019-12-13,Eastern,487.61,464.60,,,25.63,33.3
4159,2019-12-13,NorthEastern,35.44,28.24,,,14.6,7.93
4163,2019-12-14,Eastern,487.61,477.59,,,25.63,23.63
4164,2019-12-14,NorthEastern,35.44,29.33,,,14.6,7.68
4168,2019-12-15,Eastern,487.61,463.70,,,25.63,24.33
4169,2019-12-15,NorthEastern,35.44,27.69,,,14.6,7.42
4173,2019-12-16,Eastern,487.61,477.76,,,25.63,27.61
4174,2019-12-16,NorthEastern,35.44,28.17,,,14.6,7.34
4178,2019-12-17,Eastern,487.61,480.24,,,25.63,29.74
4179,2019-12-17,NorthEastern,35.44,29.37,,,14.6,7.13
4183,2019-12-18,Eastern,487.61,486.96,,,25.63,33.44
4184,2019-12-18,NorthEastern,35.44,33.70,,,14.6,7.43
4188,2019-12-19,Eastern,487.61,490.95,,,25.63,32.3
4189,2019-12-19,NorthEastern,35.44,35.27,,,14.6,7.5
4193,2019-12-20,Eastern,487.65,497.85,,,25.63,35.11
4194,2019-12-20,NorthEastern,35.44,37.92,,,14.6,7.29
4198,2019-12-21,Eastern,483.80,495.35,,,25.63,30.69
4199,2019-12-21,NorthEastern,35.44,35.17,,,14.6,7.3
4203,2019-12-22,Eastern,483.80,464.07,,,25.63,26.79
4204,2019-12-22,NorthEastern,35.44,35.21,,,14.6,7.13
4208,2019-12-23,Eastern,479.85,466.78,,,25.63,31.61
4209,2019-12-23,NorthEastern,35.44,31.12,,,14.6,7.85
4213,2019-12-24,Eastern,479.85,478.71,,,25.63,26.69
4214,2019-12-24,NorthEastern,35.44,30.99,,,14.6,8.03
4218,2019-12-25,Eastern,479.56,479.94,,,25.63,26.69
4219,2019-12-25,NorthEastern,35.44,36.81,,,14.6,7.55
4223,2019-12-26,Eastern,485.39,484.45,,,25.63,24.7
4224,2019-12-26,NorthEastern,35.44,37.35,,,14.6,7.64
4228,2019-12-27,Eastern,490.97,486.30,,,25.63,28.65
4229,2019-12-27,NorthEastern,35.44,37.47,,,14.6,7.15
4233,2019-12-28,Eastern,490.97,482.81,,,25.63,26.58
4234,2019-12-28,NorthEastern,35.44,37.04,,,14.6,7.28
4238,2019-12-29,Eastern,490.97,463.46,,,25.63,24.66
4239,2019-12-29,NorthEastern,35.44,36.53,,,14.6,7.6
4243,2019-12-30,Eastern,490.97,475.78,,,25.63,30.25
4244,2019-12-30,NorthEastern,35.44,38.33,,,14.6,7.38
4248,2019-12-31,Eastern,490.97,483.53,,,25.63,30.88
4249,2019-12-31,NorthEastern,35.44,37.70,,,14.6,7.83
4253,2020-01-01,Eastern,484.74,458.18,,,23.17,27.81
4254,2020-01-01,NorthEastern,34.74,36.06,,,11.06,7.25
4258,2020-01-02,Eastern,484.74,470.49,,,23.17,31.83
4259,2020-01-02,NorthEastern,34.74,37.33,,,11.06,7.4
4263,2020-01-03,Eastern,484.74,465.94,,,23.17,31.74
4264,2020-01-03,NorthEastern,34.74,36.07,,,11.06,7.14
4268,2020-01-04,Eastern,484.74,470.49,,,23.17,28.93
4269,2020-01-04,NorthEastern,34.74,36.74,,,11.06,7.59
4273,2020-01-05,Eastern,510.11,462.66,,,23.17,25.22
4274,2020-01-05,NorthEastern,34.74,34.96,,,11.06,7.6
4278,2020-01-06,Eastern,510.11,476.14,,,23.17,27.55
4279,2020-01-06,NorthEastern,34.74,36.64,,,11.06,7.4
4283,2020-01-07,Eastern,510.11,469.20,,,23.17,29.77
4284,2020-01-07,NorthEastern,34.74,36.22,,,11.06,7.24
4288,2020-01-08,Eastern,510.11,473.81,,,23.17,27.75
4289,2020-01-08,NorthEastern,34.74,34.79,,,11.06,7.19
4293,2020-01-09,Eastern,510.11,463.76,,,23.17,32.44
4294,2020-01-09,NorthEastern,34.74,33.85,,,11.06,7.05
4298,2020-01-10,Eastern,510.11,450.08,,,23.17,27.77
4299,2020-01-10,NorthEastern,34.74,34.07,,,11.06,6.74
4303,2020-01-11,Eastern,510.11,468.26,,,23.17,24.39
4304,2020-01-11,NorthEastern,34.74,35.76,,,11.06,6.71
4308,2020-01-12,Eastern,510.11,474.87,,,23.17,28.7
4309,2020-01-12,NorthEastern,34.74,34.53,,,11.06,6.44
4313,2020-01-13,Eastern,510.11,487.98,,,23.17,32.18
4314,2020-01-13,NorthEastern,34.74,34.88,,,11.06,6.54
4318,2020-01-14,Eastern,510.11,482.37,,,23.17,26.86
4319,2020-01-14,NorthEastern,34.74,34.27,,,11.06,6.21
4323,2020-01-15,Eastern,495.68,473.97,,,23.17,28.22
4324,2020-01-15,NorthEastern,34.74,33.25,,,11.06,6.42
4328,2020-01-16,Eastern,489.52,469.56,,,23.17,25.82
4329,2020-01-16,NorthEastern,34.74,34.10,,,11.06,6.49
4333,2020-01-17,Eastern,489.26,498.41,,,23.17,28.17
4334,2020-01-17,NorthEastern,34.74,34.83,,,11.06,6.44
4338,2020-01-18,Eastern,489.26,510.86,,,23.17,28.55
4339,2020-01-18,NorthEastern,34.74,33.96,,,11.06,6.5
4343,2020-01-19,Eastern,489.26,492.02,,,23.17,21.59
4344,2020-01-19,NorthEastern,34.74,32.85,,,11.06,6.56
4348,2020-01-20,Eastern,489.26,505.42,,,23.17,31.98
4349,2020-01-20,NorthEastern,34.74,35.14,,,11.06,6.25
4353,2020-01-21,Eastern,489.52,502.75,,,23.17,31.18
4354,2020-01-21,NorthEastern,34.74,34.62,,,11.06,5.07
4358,2020-01-22,Eastern,489.52,495.54,,,23.17,29.79
4359,2020-01-22,NorthEastern,34.74,33.12,,,11.06,5.05
4363,2020-01-23,Eastern,489.52,498.62,,,23.17,27.98
4364,2020-01-23,NorthEastern,34.74,31.20,,,11.06,4.9
4368,2020-01-24,Eastern,489.52,509.19,,,23.17,30.62
4369,2020-01-24,NorthEastern,34.74,31.48,,,11.06,5.1
4373,2020-01-25,Eastern,489.52,525.70,,,23.17,30.28
4374,2020-01-25,NorthEastern,34.74,33.16,,,11.06,4.83
4378,2020-01-26,Eastern,489.52,501.94,,,23.17,22.9
4379,2020-01-26,NorthEastern,34.74,30.89,,,11.06,4.66
4383,2020-01-27,Eastern,489.52,510.10,,,23.17,31.64
4384,2020-01-27,NorthEastern,34.74,32.03,,,11.06,4.64
4388,2020-01-28,Eastern,489.52,511.96,,,23.17,31.02
4389,2020-01-28,NorthEastern,34.74,35.28,,,11.06,4.68
4393,2020-01-29,Eastern,489.52,517.56,,,23.17,30.19
4394,2020-01-29,NorthEastern,34.74,35.69,,,11.06,4.16
4398,2020-01-30,Eastern,489.52,519.01,,,23.17,30.46
4399,2020-01-30,NorthEastern,34.74,34.91,,,11.06,4.34
4403,2020-01-31,Eastern,489.52,507.92,,,23.17,30.12
4404,2020-01-31,NorthEastern,34.74,34.79,,,11.06,4.21
4408,2020-02-01,Eastern,486.69,492.27,,,24.51,25.56
4409,2020-02-01,NorthEastern,35.55,35.06,,,9.27,4.31
4413,2020-02-02,Eastern,486.69,472.66,,,24.51,21.52
4414,2020-02-02,NorthEastern,35.55,34.40,,,9.27,4.26
4418,2020-02-03,Eastern,486.69,481.33,,,24.51,28.2
4419,2020-02-03,NorthEastern,35.55,34.44,,,9.27,4.4
4423,2020-02-04,Eastern,493.54,517.76,,,24.51,27.77
4424,2020-02-04,NorthEastern,35.55,37.02,,,9.27,4.21
4428,2020-02-05,Eastern,493.54,503.72,,,24.51,34.88
4429,2020-02-05,NorthEastern,35.55,36.49,,,9.27,4.34
4433,2020-02-06,Eastern,493.54,518.41,,,24.51,33.16
4434,2020-02-06,NorthEastern,35.55,35.45,,,9.27,4.02
4438,2020-02-07,Eastern,493.54,523.25,,,24.51,31.99
4439,2020-02-07,NorthEastern,35.55,35.61,,,9.27,7.41
4443,2020-02-08,Eastern,497.49,507.71,,,24.51,31.53
4444,2020-02-08,NorthEastern,35.55,34.00,,,9.27,6.54
4448,2020-02-09,Eastern,497.49,484.92,,,24.51,27.31
4449,2020-02-09,NorthEastern,35.55,30.91,,,9.27,8.3
4453,2020-02-10,Eastern,497.49,490.74,,,24.51,29.43
4454,2020-02-10,NorthEastern,35.55,29.80,,,9.27,4.98
4458,2020-02-11,Eastern,497.49,502.33,,,24.51,34.53
4459,2020-02-11,NorthEastern,35.55,30.20,,,9.27,3.93
4463,2020-02-12,Eastern,497.49,515.67,,,24.51,28.47
4464,2020-02-12,NorthEastern,35.55,34.49,,,9.27,2.72
4468,2020-02-13,Eastern,497.49,532.18,,,24.51,26.68
4469,2020-02-13,NorthEastern,35.55,35.40,,,9.27,2.64
4473,2020-02-14,Eastern,497.49,535.28,,,24.51,28.07
4474,2020-02-14,NorthEastern,35.55,36.64,,,9.27,2.63
4478,2020-02-15,Eastern,497.49,511.67,,,24.51,33.72
4479,2020-02-15,NorthEastern,35.05,35.52,,,9.27,2.65
4483,2020-02-16,Eastern,498.70,509.59,,,24.51,28.03
4484,2020-02-16,NorthEastern,35.05,33.29,,,9.27,2.72
4488,2020-02-17,Eastern,498.70,528.97,,,24.51,33.42
4489,2020-02-17,NorthEastern,35.05,34.26,,,9.27,2.34
4493,2020-02-18,Eastern,498.70,543.80,,,24.51,31.41
4494,2020-02-18,NorthEastern,35.05,35.13,,,9.27,2.14
4498,2020-02-19,Eastern,498.70,538.55,,,24.51,34.48
4499,2020-02-19,NorthEastern,35.05,27.59,,,9.27,4.2
4503,2020-02-20,Eastern,508.10,537.88,,,24.51,37.06
4504,2020-02-20,NorthEastern,35.05,24.65,,,9.27,5.56
4508,2020-02-21,Eastern,508.10,532.65,,,24.51,24.77
4509,2020-02-21,NorthEastern,35.05,25.50,,,9.27,3.72
4513,2020-02-22,Eastern,503.43,522.56,,,24.51,32.1
4514,2020-02-22,NorthEastern,35.05,26.09,,,9.27,3.64
4518,2020-02-23,Eastern,503.43,514.24,,,24.51,25.49
4519,2020-02-23,NorthEastern,35.05,25.80,,,9.27,3.98
4523,2020-02-24,Eastern,503.43,516.38,,,24.51,28.27
4524,2020-02-24,NorthEastern,35.05,26.33,,,9.27,3.9
4528,2020-02-25,Eastern,503.43,529.30,,,24.51,40.66
4529,2020-02-25,NorthEastern,35.05,26.51,,,9.27,4.14
4533,2020-02-26,Eastern,503.43,525.62,,,24.51,25.04
4534,2020-02-26,NorthEastern,35.05,27.03,,,9.27,4.27
4538,2020-02-27,Eastern,503.43,521.06,,,24.51,23.93
4539,2020-02-27,NorthEastern,35.05,26.43,,,9.27,6.34
4543,2020-02-28,Eastern,503.43,521.64,,,24.51,23.27
4544,2020-02-28,NorthEastern,35.05,25.42,,,9.27,5.78
4548,2020-02-29,Eastern,503.43,509.59,,,24.51,27.12
4549,2020-02-29,NorthEastern,35.05,27.44,,,9.27,4.49
4553,2020-03-01,Eastern,505.72,479.99,,,30.34,25.55
4554,2020-03-01,NorthEastern,34.28,31.75,,,10.37,4.19
4558,2020-03-02,Eastern,505.72,524.91,,,30.34,27.45
4559,2020-03-02,NorthEastern,34.28,32.13,,,10.37,3.95
4563,2020-03-03,Eastern,505.72,538.33,,,30.34,25.93
4564,2020-03-03,NorthEastern,34.28,26.83,,,10.37,4.54
4568,2020-03-04,Eastern,505.72,523.65,,,30.34,25.81
4569,2020-03-04,NorthEastern,34.28,25.38,,,10.37,5.01
4573,2020-03-05,Eastern,505.72,513.72,,,30.34,24.91
4574,2020-03-05,NorthEastern,34.28,26.47,,,10.37,4.55
4578,2020-03-06,Eastern,505.72,493.04,,,30.34,28.14
4579,2020-03-06,NorthEastern,34.28,21.87,,,10.37,4.5
4583,2020-03-07,Eastern,505.72,525.50,,,30.34,29.05
4584,2020-03-07,NorthEastern,34.28,22.11,,,10.37,4.93
4588,2020-03-08,Eastern,505.72,505.94,,,30.34,27.33
4589,2020-03-08,NorthEastern,34.28,24.49,,,10.37,4.74
4593,2020-03-09,Eastern,505.72,500.91,,,30.34,26.13
4594,2020-03-09,NorthEastern,34.28,26.24,,,10.37,6.03
4598,2020-03-10,Eastern,505.72,442.48,,,30.34,26.51
4599,2020-03-10,NorthEastern,34.28,27.43,,,10.37,4.88
4603,2020-03-11,Eastern,495.72,493.76,,,30.34,28.34
4604,2020-03-11,NorthEastern,34.28,25.33,,,10.37,5.02
4608,2020-03-12,Eastern,495.72,535.40,,,30.34,26.05
4609,2020-03-12,NorthEastern,34.28,28.56,,,10.37,7.37
4613,2020-03-13,Eastern,495.72,551.42,,,30.34,29.76
4614,2020-03-13,NorthEastern,34.28,33.79,,,10.37,6.89
4618,2020-03-14,Eastern,495.72,541.77,,,30.34,29.42
4619,2020-03-14,NorthEastern,34.28,33.49,,,10.37,4.98
4623,2020-03-15,Eastern,495.72,522.20,,,30.34,26.71
4624,2020-03-15,NorthEastern,34.28,33.57,,,10.37,4.37
4628,2020-03-16,Eastern,498.78,563.73,,,30.34,30.22
4629,2020-03-16,NorthEastern,34.28,34.36,,,10.37,4.13
4633,2020-03-17,Eastern,498.78,575.93,,,30.34,31.46
4634,2020-03-17,NorthEastern,34.28,34.83,,,10.37,4.09
